17530,# doc = music.2.txt,,,,,,,,,,,,,,,,
17531,# speaker = Ars,,,,,,,,,,,,,,,,
17532,# sent = 1308,,,,,,,,,,,,,,,,
17533,,Вот,ВОТ,PART,,,"   _Вот_ , музыку писать",т,о,в,,,,PART,ВОТ,PART,Т
17534,,",",",",PUNCT,,,,,,,,,,PUNCT,,,
17535,,музыку,МУЗЫКА,S f inan acc sg,,," Вот , _музыку_ писать очень легко",у,к,ы,з,у,м,S,МУЗЫКА,S f inan acc sg,А
17536,,писать,ПИСАТЬ,V ipf - - inf - -,,,"Вот , музыку _писать_ очень легко .",ь,т,а,с,и,п,V,ПИСАТЬ,V ipf - - inf - -,Ь
17537,,очень,ОЧЕНЬ,ADV -,,,", музыку писать _очень_ легко . ",ь,н,е,ч,о,,ADV,ОЧЕНЬ,ADV -,Ь
17538,,легко,ЛЕГКО,PRAEDIC,,,музыку писать очень _легко_ .  ,о,к,г,е,л,,PRAEDIC,ЛЕГКО,ADV -,О
17539,,.,.,PUNCT,,,,,,,,,,PUNCT,,,
17540,,,,,,,,,,,,,,,,,
17541,# sent = 1309,,,,,,,,,,,,,,,,
17542,,На,НА,PR,,,.   _На_ самом деле .,а,н,,,,,PR,НА,PR,А
17543,,самом,САМЫЙ,A - loc sg plen n -,,,  На _самом_ деле . ,м,о,м,а,с,,A,САМЫЙ,A - loc sg plen n -,Й
17544,,деле,ДЕЛО,S n inan loc sg,,, На самом _деле_ .  ,е,л,е,д,,,S,ДЕЛО,S n inan loc sg,О
17545,,.,.,PUNCT,,,,,,,,,,PUNCT,,,
17546,,,,,,,,,,,,,,,,,
17547,# sent = 1310,,,,,,,,,,,,,,,,
17548,,Если,ЕСЛИ,CONJ,,,.   _Если_ к этому подходить,и,л,с,е,,,CONJ,ЕСЛИ,CONJ,И
17549,,к,К,PR,,,  Если _к_ этому подходить …,к,,,,,,PR,К,PR,К
17550,,этому,ЭТО,SPRO n - dat sg,,, Если к _этому_ подходить … эээ,у,м,о,т,э,,SPRO,ЭТО,S n inan dat sg,О
17551,,подходить,ПОДХОДИТЬ,V ipf - - inf - -,,,Если к этому _подходить_ … эээ …,ь,т,и,д,о,х,V,ПОДХОДИТЬ,V ipf - - inf - -,Ь
17552,,…,…,PUNCT,,,,,,,,,,PUNCT,,,
17553,,эээ,ЭЭЭ,NONLEX,distort,,этому подходить … _эээ_ … с конструктивного,э,э,э,,,,NONLEX,ЭЭЭ,NONLEX,Э
17554,,…,…,PUNCT,,,,,,,,,,PUNCT,,,
17555,,с,С,PR,,,… эээ … _с_ конструктивного подхода .,с,,,,,,PR,С,PR,С
17556,,конструктивного,КОНСТРУКТИВНЫЙ,A - gen sg plen n -,,,эээ … с _конструктивного_ подхода . ,о,г,о,н,в,и,A,КОНСТРУКТИВНЫЙ,A - gen sg plen n -,Й
17557,,подхода,ПОДХОД,S m inan gen sg,,,… с конструктивного _подхода_ .  ,а,д,о,х,д,о,S,ПОДХОД,S m inan gen sg,Д
17558,,.,.,PUNCT,,,,,,,,,,PUNCT,,,
17559,,,,,,,,,,,,,,,,,
17560,# sent = 1311,,,,,,,,,,,,,,,,
17561,,Просто,ПРОСТО,ADV,,,.   _Просто_ берешь из разных,о,т,с,о,р,п,PART,ПРОСТО,PART,О
17562,,берешь,БРАТЬ,V ipf praes sg indic - 2p,,,  Просто _берешь_ из разных стилей,ь,ш,е,р,е,б,V,БРАТЬ,V ipf praes sg indic - 2p,Ь
17563,,из,ИЗ,PR,,, Просто берешь _из_ разных стилей все,з,и,,,,,PR,ИЗ,PR,З
17564,,разных,РАЗНЫЙ,A - gen pl plen - -,,,Просто берешь из _разных_ стилей все самое,х,ы,н,з,а,р,A,РАЗНЫЙ,A - gen pl plen - -,Й
17565,,стилей,СТИЛЬ,S m inan gen pl,,,берешь из разных _стилей_ все самое крутое,й,е,л,и,т,с,S,СТИЛЬ,S m inan gen pl,Ь
17566,,все,ВСЕ,SPRO n - acc sg,,,из разных стилей _все_ самое крутое …,е,с,в,,,,S,ВСЕ,S - - acc pl,Е
17567,,самое,САМЫЙ,A - nom sg plen n -,,,разных стилей все _самое_ крутое … хммм,е,о,м,а,с,,A,САМЫЙ,A - nom sg plen n -,Й
17568,,крутое,КРУТОЙ,A - acc sg plen n inan,,,стилей все самое _крутое_ … хммм …,е,о,т,у,р,к,A,КРУТОЙ,A - acc sg plen n inan,Й
17569,,…,…,PUNCT,,,,,,,,,,PUNCT,,,
17570,,хммм,ХМММ,NONLEX,distort,,самое крутое … _хммм_ … что-то придумываешь,м,м,м,х,,,NONLEX,ХМММ,NONLEX,М
17571,,…,…,PUNCT,,,,,,,,,,PUNCT,,,
17572,,что-то,ЧТО-ТО,SPRO n inan nom sg,,,"… хммм … _что-то_ придумываешь , ",о,т,-,о,т,ч,SPRO,ЧТО-ТО,S n - nom sg,О
17573,,придумываешь,ПРИДУМЫВАТЬ,V ipf praes sg indic - 2p,,,"хммм … что-то _придумываешь_ ,  шо",ь,ш,е,а,в,ы,V,ПРИДУМЫВАТЬ,V ipf praes sg indic - 2p,Ь
17574,,",",",",PUNCT,,,,,,,,,,PUNCT,,,
17575,"<distinct form=""",,,,,,,,,,,,,,,,
17576,<dist>,шо,ЧТО,,,,,,,,,,,,,,
17577,""">",,,,,,,,,,,,,,,,
17578,,что,ЧТО,CONJ,,, шо  _что_  тебе первое,о,т,ч,,,,CONJ,ЧТО,CONJ,О
17579,</distinct>,,,,,,,,,,,,,,,,
17580,,тебе,ТЫ,SPRO sg 2p - dat,,, что  _тебе_ первое в голову,е,б,е,т,,,SPRO,ТЫ,SPRO sg 2p - dat,Ы
17581,,первое,ПЕРВЫЙ,ANUM - nom sg plen n -,,,что  тебе _первое_ в голову приходит,е,о,в,р,е,п,A,ПЕРВЫЙ,A - nom sg plen n -,Й
17582,,в,В,PR,,, тебе первое _в_ голову приходит .,в,,,,,,PR,В,PR,В
17583,,голову,ГОЛОВА,S f inan acc sg,,,тебе первое в _голову_ приходит . ,у,в,о,л,о,г,S,ГОЛОВА,S f inan acc sg,А
17584,,приходит,ПРИХОДИТЬ,V ipf praes sg indic - 3p,,,первое в голову _приходит_ .  ,т,и,д,о,х,и,V,ПРИХОДИТЬ,V ipf praes sg indic - 3p,Ь
17585,,.,.,PUNCT,,,,,,,,,,PUNCT,,,
17586,,,,,,,,,,,,,,,,,
17587,# sent = 1312,,,,,,,,,,,,,,,,
17588,,Например,НАПРИМЕР,PARENTH,,,.   _Например_ … ээээ ...,р,е,м,и,р,п,ADV,НАПРИМЕР,ADV -,Р
17589,,…,…,PUNCT,,,,,,,,,,PUNCT,,,
17590,,ээээ,ЭЭЭЭ,INTJ,distort,, Например … _ээээ_ ... диско -,э,э,э,э,,,INTJ,ЭЭЭЭ,INTJ,Э
17591,,...,...,PUNCT,,,,,,,,,,PUNCT,,,
17592,,диско,ДИСКО,COM,слитно,,… ээээ ... _диско_ - панк !,о,к,с,и,д,,COM,ДИСКО,S n inan nonflex -,О
17593,,-,-,PUNCT,,,,,,,,,,PUNCT,,,
17594,,панк,ПАНК,S m anim nom sg,,,... диско - _панк_ !  ,к,н,а,п,,,S,ПАНК,S m anim nom sg,К
17595,,!,!,PUNCT,,,,,,,,,,PUNCT,,,
17596,,,,,,,,,,,,,,,,,
17597,# sent = 1313,,,,,,,,,,,,,,,,
17598,,Почему,ПОЧЕМУ,ADV -,,,!   _Почему_ бы и нет,у,м,е,ч,о,п,ADV,ПОЧЕМУ,ADV -,У
17599,,бы,БЫ,PART,,,  Почему _бы_ и нет ?,ы,б,,,,,PART,БЫ,PART,Ы
17600,,и,И,CONJ,,, Почему бы _и_ нет ? ,и,,,,,,CONJ,И,CONJ,И
17601,,нет,НЕТ,PART,,,Почему бы и _нет_ ?  ,т,е,н,,,,PART,НЕТ,PART,Т
17602,,?,?,PUNCT,,,,,,,,,,PUNCT,,,
17603,,,,,,,,,,,,,,,,,
17604,# sent = 1314,,,,,,,,,,,,,,,,
17605,,Ты,ТЫ,SPRO sg 2p - nom,,,?   _Ты_ берешь какие-нибудь рифы,ы,т,,,,,SPRO,ТЫ,SPRO sg 2p - nom,Ы
17606,,берешь,БРАТЬ,V ipf praes sg indic - 2p,,,  Ты _берешь_ какие-нибудь рифы у,ь,ш,е,р,е,б,V,БРАТЬ,V ipf praes sg indic - 2p,Ь
17607,,какие-нибудь,КАКОЙ-НИБУДЬ,APRO - acc pl plen ,,, Ты берешь _какие-нибудь_ рифы у панк,ь,д,у,б,и,н,APRO,КАКОЙ-НИБУДЬ,A - nom pl plen - -,Ь
17608,,рифы,РИФ,S m inan nom pl,,,Ты берешь какие-нибудь _рифы_ у панк -,ы,ф,и,р,,,S,РИФ,S m inan nom pl,Ф
17609,,у,У,PR,,,берешь какие-нибудь рифы _у_ панк - рока,у,,,,,,PR,У,PR,У
17610,,панк,ПАНК,S m anim nom sg,,,"какие-нибудь рифы у _панк_ - рока ,",к,н,а,п,,,S,ПАНК,S m anim nom sg,К
17611,,-,-,PUNCT,,,,,,,,,,PUNCT,,,
17612,,рока,РОК,S m inan gen sg,,,"у панк - _рока_ , гитарные ,",а,к,о,р,,,S,РОК,S m inan gen sg,К
17613,,",",",",PUNCT,,,,,,,,,,PUNCT,,,
17614,,гитарные,ГИТАРНЫЙ,A - nom pl plen - -,,,"- рока , _гитарные_ , и накладываешь",е,ы,н,р,а,т,A,ГИТАРНЫЙ,A - nom pl plen - -,Й
17615,,",",",",PUNCT,,,,,,,,,,PUNCT,,,
17616,,и,И,CONJ,,,", гитарные , _и_ накладываешь это на",и,,,,,,CONJ,И,CONJ,И
17617,,накладываешь,НАКЛАДЫВАТЬ,V ipf praes sg indic - 2p,,,"гитарные , и _накладываешь_ это на подвижное",ь,ш,е,а,в,ы,V,НАКЛАДЫВАТЬ,V ipf praes sg indic - 2p,Ь
17618,,это,ЭТО,SPRO n - acc sg,,,", и накладываешь _это_ на подвижное диско",о,т,э,,,,SPRO,ЭТО,S n - nom sg,О
17619,,на,НА,PR,,,и накладываешь это _на_ подвижное диско -,а,н,,,,,PR,НА,PR,А
17620,,подвижное,ПОДВИЖНЫЙ,A - nom sg plen n -,,,накладываешь это на _подвижное_ диско - ударные,е,о,н,ж,и,в,A,ПОДВИЖНЫЙ,A - nom sg plen n -,Й
17621,,диско,ДИСКО,COM,слитно,,это на подвижное _диско_ - ударные на,о,к,с,и,д,,COM,ДИСКО,S n inan nonflex -,О
17622,,-,-,PUNCT,,,,,,,,,,PUNCT,,,
17623,,ударные,УДАРНЫЙ,A - nom pl plen - -,,,подвижное диско - _ударные_ на диско -,е,ы,н,р,а,д,A,УДАРНЫЙ,A - nom pl plen - -,Й
17624,,на,НА,PR,,,диско - ударные _на_ диско - и,а,н,,,,,PR,НА,PR,А
17625,,диско,ДИСКО,S n inan loc sg,,,"- ударные на _диско_ - и ,",о,к,с,и,д,,S,ДИСКО,S n inan nonflex -,О
17626,,-,-,PUNCT,,,,,,,,,,PUNCT,,,
17627,,и,И,CONJ,,,"на диско - _и_ , к примеру",и,,,,,,CONJ,И,CONJ,И
17628,,",",",",PUNCT,,,,,,,,,,PUNCT,,,
17629,,к,К,PR,,,"- и , _к_ примеру , можно",к,,,,,,PR,К,PR,К
17630,,примеру,ПРИМЕР,S m inan dat sg,,,"и , к _примеру_ , можно смешать",у,р,е,м,и,р,S,ПРИМЕР,S m inan dat sg,Р
17631,,",",",",PUNCT,,,,,,,,,,PUNCT,,,
17632,,можно,МОЖНО,PRAEDIC,,,"к примеру , _можно_ смешать … ааам",о,н,ж,о,м,,PRAEDIC,МОЖНО,PRAEDIC,О
17633,,смешать,СМЕШАТЬ,V tran pf inf act,,,"примеру , можно _смешать_ … ааам …",ь,т,а,ш,е,м,V,СМЕШАТЬ,V pf - - inf - -,Ь
17634,,…,…,PUNCT,,,,,,,,,,PUNCT,,,
17635,,ааам,АААМ,INTJ,distort,,можно смешать … _ааам_ … вокал панк,м,а,а,а,,,INTJ,АААМ,S m anim nom sg,М
17636,,…,…,PUNCT,,,,,,,,,,PUNCT,,,
17637,,вокал,ВОКАЛ,S m inan nom sg,,,… ааам … _вокал_ панк - рока,л,а,к,о,в,,S,ВОКАЛ,S m inan nom sg,Л
17638,,панк,ПАНК,S m anim nom sg,,,ааам … вокал _панк_ - рока с,к,н,а,п,,,S,ПАНК,S m anim nom sg,К
17639,,-,-,PUNCT,,,,,,,,,,PUNCT,,,
17640,,рока,РОК,S m inan gen sg,,,вокал панк - _рока_ с подпевками с,а,к,о,р,,,S,РОК,S m inan gen sg,К
17641,,с,С,PR,,,панк - рока _с_ подпевками с бэк,с,,,,,,PR,С,PR,С
17642,,подпевками,ПОДПЕВКА,S f inan acc sg,,,- рока с _подпевками_ с бэк -,и,м,а,к,в,е,S,ПОДПЕВКА,S f inan acc sg,А
17643,,с,С,PR,,,рока с подпевками _с_ бэк - вокала,с,,,,,,PR,С,PR,С
17644,,бэк,БЭК,NONFLEX,distort слитно,,с подпевками с _бэк_ - вокала .,к,э,б,,,,S,БЭК,S m inan acc sg,К
17645,,-,-,PUNCT,,,,,,,,,,PUNCT,,,
17646,,вокала,ВОКАЛ,S m inan gen sg,,,с бэк - _вокала_ .  ,а,л,а,к,о,в,S,ВОКАЛ,S m inan gen sg,Л
17647,,.,.,PUNCT,,,,,,,,,,PUNCT,,,
17648,,,,,,,,,,,,,,,,,
17649,# sent = 1315,,,,,,,,,,,,,,,,
17650,,Ну,НУ,PART,,,".   _Ну_ что-то , вот",у,н,,,,,PART,НУ,PART,У
17651,,что-то,ЧТО-ТО,SPRO n inan acc sg,,,"  Ну _что-то_ , вот ,",о,т,-,о,т,ч,SPRO,ЧТО-ТО,S n - acc sg,О
17652,,",",",",PUNCT,,,,,,,,,,PUNCT,,,
17653,,вот,ВОТ,PART,,,"Ну что-то , _вот_ , я сейчас",т,о,в,,,,PART,ВОТ,PART,Т
17654,,",",",",PUNCT,,,,,,,,,,PUNCT,,,
17655,,я,Я,SPRO sg 1p - nom,,,", вот , _я_ сейчас просто на",я,,,,,,SPRO,Я,SPRO sg 1p - nom,Я
17656,,сейчас,СЕЙЧАС,ADV -,,,"вот , я _сейчас_ просто на ходу",с,а,ч,й,е,с,ADV,СЕЙЧАС,ADV -,С
17657,,просто,ПРОСТО,ADV,,,", я сейчас _просто_ на ходу придумываю",о,т,с,о,р,п,PART,ПРОСТО,PART,О
17658,,на,НА,PR,,,я сейчас просто _на_ ходу придумываю .,а,н,,,,,PR,НА,PR,А
17659,,ходу,ХОД,S m inan loc2 sg,,,сейчас просто на _ходу_ придумываю . ,у,д,о,х,,,S,ХОД,S m inan loc2 sg,Д
17660,,придумываю,ПРИДУМЫВАТЬ,V ipf praes sg indic - 1p,,,просто на ходу _придумываю_ .  ,ю,а,в,ы,м,у,V,ПРИДУМЫВАТЬ,V ipf praes sg indic - 1p,Ь
17661,,.,.,PUNCT,,,,,,,,,,PUNCT,,,
17662,,,,,,,,,,,,,,,,,
17663,# sent = 1316,,,,,,,,,,,,,,,,
17664,"<distinct form=""",,,,,,,,,,,,,,,,
17665,<dist>,шо-то,ЧТО-ТО,,,,,,,,,,,,,,
17666,""">",,,,,,,,,,,,,,,,
17667,,что-то,ЧТО-ТО,SPRO n inan acc sg,,, шо-то  _что-то_  такое .,о,т,-,о,т,ч,SPRO,ЧТО-ТО,S n - acc sg,О
17668,</distinct>,,,,,,,,,,,,,,,,
17669,,такое,ТАКОЙ,APRO - nom sg plen n -,,, что-то  _такое_ .  ,е,о,к,а,т,,APRO,ТАКОЙ,A - nom sg plen n -,Й
17670,,.,.,PUNCT,,,,,,,,,,PUNCT,,,
17671,,,,,,,,,,,,,,,,,
17672,# sent = 1317,,,,,,,,,,,,,,,,
17673,,Вот,ВОТ,PART,,,.   _Вот_ .  ,т,о,в,,,,PART,ВОТ,PART,Т
17674,,.,.,PUNCT,,,,,,,,,,PUNCT,,,
17675,,,,,,,,,,,,,,,,,
17676,# sent = 1318,,,,,,,,,,,,,,,,
17677,,Ааа,ААА,INTJ,distort,,.   _Ааа_ …  ,а,а,а,,,,INTJ,ААА,S m inan nonflex -,А
17678,,…,…,PUNCT,,,,,,,,,,PUNCT,,,
17679,,,,,,,,,,,,,,,,,
17680,# sent = 1319,,,,,,,,,,,,,,,,
17681,"<distinct form=""",,,,,,,,,,,,,,,,
17682,<dist>,эт,ЭТО,,distort,,,,,,,,,,,,
17683,""">",,,,,,,,,,,,,,,,
17684,,это,ЭТО,SPRO n - nom sg,,," эт  _это_  сложно ,",о,т,э,,,,SPRO,ЭТО,S n - acc sg,О
17685,</distinct>,,,,,,,,,,,,,,,,
17686,,сложно,СЛОЖНЫЙ,A - - sg brev n -,,," это  _сложно_ , если только",о,н,ж,о,л,с,A,СЛОЖНЫЙ,A - - sg brev n -,Й
17687,,",",",",PUNCT,,,,,,,,,,PUNCT,,,
17688,,если,ЕСЛИ,CONJ,,," сложно , _если_ только ты не",и,л,с,е,,,CONJ,ЕСЛИ,CONJ,И
17689,,только,ТОЛЬКО,PART,,,"сложно , если _только_ ты не …",о,к,ь,л,о,т,PART,ТОЛЬКО,PART,О
17690,,ты,ТЫ,SPRO sg 2p - nom,,,", если только _ты_ не … эээээ",ы,т,,,,,SPRO,ТЫ,SPRO sg 2p - nom,Ы
17691,,не,НЕ,PART,,,если только ты _не_ … эээээ …,е,н,,,,,PART,НЕ,PART,Е
17692,,…,…,PUNCT,,,,,,,,,,PUNCT,,,
17693,,эээээ,ЭЭЭЭЭ,NONLEX,distort,,ты не … _эээээ_ … у тебя,э,э,э,э,э,,NONLEX,ЭЭЭЭЭ,NONLEX,Э
17694,,…,…,PUNCT,,,,,,,,,,PUNCT,,,
17695,,у,У,PR,,,… эээээ … _у_ тебя нет багажа,у,,,,,,PR,У,PR,У
17696,,тебя,ТЫ,SPRO sg 2p - acc,,,эээээ … у _тебя_ нет багажа большого,я,б,е,т,,,SPRO,ТЫ,SPRO sg 2p - acc,Ы
17697,,нет,НЕТ,ADV -,,,… у тебя _нет_ багажа большого музыкального,т,е,н,,,,ADV,НЕТ,ADV -,Т
17698,,багажа,БАГАЖ,S m inan gen sg,,,у тебя нет _багажа_ большого музыкального .,а,ж,а,г,а,б,S,БАГАЖ,S m inan gen sg,Ж
17699,,большого,БОЛЬШОЙ,A - gen sg plen m inan,,,тебя нет багажа _большого_ музыкального . ,о,г,о,ш,ь,л,A,БОЛЬШОЙ,A - gen sg plen n -,Й
17700,,музыкального,МУЗЫКАЛЬНЫЙ,A - gen sg plen n -,,,нет багажа большого _музыкального_ .  ,о,г,о,н,ь,л,A,МУЗЫКАЛЬНЫЙ,A - gen sg plen n -,Й
17701,,.,.,PUNCT,,,,,,,,,,PUNCT,,,
17702,,,,,,,,,,,,,,,,,
17703,# sent = 1320,,,,,,,,,,,,,,,,
17704,,Если,ЕСЛИ,CONJ,,,.   _Если_ у  тя,и,л,с,е,,,CONJ,ЕСЛИ,CONJ,И
17705,,у,У,PR,,,  Если _у_  тя ,у,,,,,,PR,У,PR,У
17706,"<distinct form=""",,,,,,,,,,,,,,,,
17707,<dist>,тя,ТЕБЯ,,distort,,,,,,,,,,,,
17708,""">",,,,,,,,,,,,,,,,
17709,,тебя,ТЫ,SPRO sg 2p - acc,,, тя  _тебя_  есть большой,я,б,е,т,,,SPRO,ТЫ,SPRO sg 2p - acc,Ы
17710,</distinct>,,,,,,,,,,,,,,,,
17711,,есть,БЫТЬ,V ipf praes sg indic - 3p,,, тебя  _есть_ большой музыкальный багаж,ь,т,с,е,,,V,БЫТЬ,V ipf praes sg indic - 3p,Ь
17712,,большой,БОЛЬШОЙ,A - acc sg plen m inan,,,"тебя  есть _большой_ музыкальный багаж ,",й,о,ш,ь,л,о,A,БОЛЬШОЙ,A - acc sg plen m inan,Й
17713,,музыкальный,МУЗЫКАЛЬНЫЙ,A - acc sg plen m inan,,," есть большой _музыкальный_ багаж , есть",й,ы,н,ь,л,а,A,МУЗЫКАЛЬНЫЙ,A - acc sg plen m inan,Й
17714,,багаж,БАГАЖ,S m inan nom sg,,,"есть большой музыкальный _багаж_ , есть образование",ж,а,г,а,б,,S,БАГАЖ,S m inan acc sg,Ж
17715,,",",",",PUNCT,,,,,,,,,,PUNCT,,,
17716,,есть,БЫТЬ,V ipf praes sg indic - 3p,,,"музыкальный багаж , _есть_ образование - ",ь,т,с,е,,,V,БЫТЬ,V ipf praes sg indic - 3p,Ь
17717,,образование,ОБРАЗОВАНИЕ,S n inan acc sg,,,"багаж , есть _образование_ -  эт",е,и,н,а,в,о,S,ОБРАЗОВАНИЕ,S n inan acc sg,Е
17718,,-,-,PUNCT,,,,,,,,,,PUNCT,,,
17719,"<distinct form=""",,,,,,,,,,,,,,,,
17720,<dist>,эт,ЭТО,,distort,,,,,,,,,,,,
17721,""">",,,,,,,,,,,,,,,,
17722,,это,ЭТО,SPRO n - nom sg,,, эт  _это_  вопрос времени,о,т,э,,,,SPRO,ЭТО,S n - acc sg,О
17723,</distinct>,,,,,,,,,,,,,,,,
17724,,вопрос,ВОПРОС,S m inan nom sg,,, это  _вопрос_ времени . ,с,о,р,п,о,в,S,ВОПРОС,S m inan nom sg,С
17725,,времени,ВРЕМЯ,S n inan gen sg,,,это  вопрос _времени_ .  ,и,н,е,м,е,р,S,ВРЕМЯ,S n inan gen sg,Я
17726,,.,.,PUNCT,,,,,,,,,,PUNCT,,,
17727,,,,,,,,,,,,,,,,,
17728,# sent = 1321,,,,,,,,,,,,,,,,
17729,,Просто,ПРОСТО,ADV,,,.   _Просто_ сидишь и пишешь,о,т,с,о,р,п,PART,ПРОСТО,PART,О
17730,,сидишь,СИДЕТЬ,V ipf praes sg indic - 2p,,,  Просто _сидишь_ и пишешь .,ь,ш,и,д,и,с,V,СИДЕТЬ,V ipf praes sg indic - 2p,Ь
17731,,и,И,CONJ,,, Просто сидишь _и_ пишешь . ,и,,,,,,CONJ,И,CONJ,И
17732,,пишешь,ПИСАТЬ,V ipf praes sg indic - 2p,,,Просто сидишь и _пишешь_ .  ,ь,ш,е,ш,и,п,V,ПИСАТЬ,V ipf praes sg indic - 2p,Ь
17733,,.,.,PUNCT,,,,,,,,,,PUNCT,,,
17734,,,,,,,,,,,,,,,,,
17735,# sent = 1322,,,,,,,,,,,,,,,,
17736,,Вот,ВОТ,PART,,,.   _Вот_ …  ,т,о,в,,,,PART,ВОТ,PART,Т
17737,,…,…,PUNCT,,,,,,,,,,PUNCT,,,
17738,,,,,,,,,,,,,,,,,
17739,# sent = 1323,,,,,,,,,,,,,,,,
17740,,Просто,ПРОСТО,ADV ,,,…   _Просто_ какую-то музыку .,о,т,с,о,р,п,ADV,ПРОСТО,ADV -,О
17741,,какую-то,КАКОЙ-ТО,APRO - acc sg plen f inan,,,  Просто _какую-то_ музыку . ,о,т,-,ю,у,к,APRO,КАКОЙ-ТО,A - acc sg plen f inan,О
17742,,музыку,МУЗЫКА,S f inan acc sg,,, Просто какую-то _музыку_ .  ,у,к,ы,з,у,м,S,МУЗЫКА,S f inan acc sg,А
17743,,.,.,PUNCT,,,,,,,,,,PUNCT,,,
17744,,,,,,,,,,,,,,,,,
17745,# sent = 1324,,,,,,,,,,,,,,,,
17746,,Просто,ПРОСТО,ADV ,,,.   _Просто_ чтобы она была,о,т,с,о,р,п,ADV,ПРОСТО,ADV -,О
17747,,чтобы,ЧТОБЫ,CONJ,,,  Просто _чтобы_ она была как-то,ы,б,о,т,ч,,CONJ,ЧТОБЫ,CONJ,Ы
17748,,она,ОНА,SPRO sg 3p f nom,,, Просто чтобы _она_ была как-то хоть,а,н,о,,,,SPRO,ОНА,SPRO sg 3p f nom,А
17749,,была,БЫТЬ,V ipf praet sg indic f -,,,Просто чтобы она _была_ как-то хоть ,а,л,ы,б,,,V,БЫТЬ,V ipf praet sg indic f -,Ь
17750,,как-то,КАК-ТО,ADV -,,,чтобы она была _как-то_ хоть  че-то,о,т,-,к,а,к,ADV,КАК-ТО,ADV -,О
17751,,хоть,ХОТЬ,PART,,,она была как-то _хоть_  че-то ,ь,т,о,х,,,PART,ХОТЬ,PART,Ь
17752,"<distinct form=""",,,,,,,,,,,,,,,,
17753,<dist>,че-то,ЧТО-ТО,,distort,,,,,,,,,,,,
17754,""">",,,,,,,,,,,,,,,,
17755,,что-то,ЧТО-ТО,SPRO n inan acc sg,,, че-то  _что-то_  как-то востребована,о,т,-,о,т,ч,SPRO,ЧТО-ТО,S n - acc sg,О
17756,</distinct>,,,,,,,,,,,,,,,,
17757,,как-то,КАК-ТО,ADV -,,, что-то  _как-то_ востребована . ,о,т,-,к,а,к,ADV,КАК-ТО,ADV -,О
17758,,востребована,ВОСТРЕБОВАТЬ,PARTCP pf praet - sg brev f pass -,,,что-то  как-то _востребована_ .  ,а,н,а,в,о,б,PARTCP,ВОСТРЕБОВАТЬ,PARTCP pf praet - sg brev f pass -,Ь
17759,,.,.,PUNCT,,,,,,,,,,PUNCT,,,
17760,,,,,,,,,,,,,,,,,
17761,# sent = 1325,,,,,,,,,,,,,,,,
17762,"<distinct form=""",,,,,,,,,,,,,,,,
17763,<dist>,эт,ЭТО,,distort,,,,,,,,,,,,
17764,""">",,,,,,,,,,,,,,,,
17765,,это,ЭТО,SPRO n - nom sg,,, эт  _это_  несложно .,о,т,э,,,,SPRO,ЭТО,S n - acc sg,О
17766,</distinct>,,,,,,,,,,,,,,,,
17767,,несложно,НЕСЛОЖНЫЙ,A - - sg brev n -,,, это  _несложно_ .  ,о,н,ж,о,л,с,A,НЕСЛОЖНЫЙ,A - - sg brev n -,Й
17768,,.,.,PUNCT,,,,,,,,,,PUNCT,,,
17769,,,,,,,,,,,,,,,,,
17770,# sent = 1326,,,,,,,,,,,,,,,,
17771,,Написать,НАПИСАТЬ,V int pf inf act,,,.   _Написать_ что-то принципиально новое,ь,т,а,с,и,п,V,НАПИСАТЬ,V pf - - inf - -,Ь
17772,,что-то,ЧТО-ТО,SPRO n inan acc sg,,,  Написать _что-то_ принципиально новое -,о,т,-,о,т,ч,SPRO,ЧТО-ТО,S n - acc sg,О
17773,,принципиально,ПРИНЦИПИАЛЬНО,ADV -,,, Написать что-то _принципиально_ новое - ,о,н,ь,л,а,и,ADV,ПРИНЦИПИАЛЬНО,ADV -,О
17774,,новое,НОВЫЙ,A - nom sg plen n -,,,Написать что-то принципиально _новое_ -  эт,е,о,в,о,н,,A,НОВЫЙ,A - nom sg plen n -,Й
17775,,-,-,PUNCT,,,,,,,,,,PUNCT,,,
17776,"<distinct form=""",,,,,,,,,,,,,,,,
17777,<dist>,эт,ЭТО,,distort,,,,,,,,,,,,
17778,""">",,,,,,,,,,,,,,,,
17779,,это,ЭТО,SPRO n - nom sg,,, эт  _это_  действительно сложно,о,т,э,,,,SPRO,ЭТО,S n - acc sg,О
17780,</distinct>,,,,,,,,,,,,,,,,
17781,,действительно,ДЕЙСТВИТЕЛЬНО,ADV ,,, это  _действительно_ сложно  ,о,н,ь,л,е,т,PART,ДЕЙСТВИТЕЛЬНО,PART,О
17782,,сложно,СЛОЖНО,ADV -,,,это  действительно _сложно_   Эээээ,о,н,ж,о,л,с,ADV,СЛОЖНО,ADV -,О
17783,,,,,,,,,,,,,,,,,
17784,# sent = 1327,,,,,,,,,,,,,,,,
17785,,Эээээ,ЭЭЭЭЭ,NONLEX,distort,,сложно   _Эээээ_ …  ,э,э,э,э,э,,NONLEX,ЭЭЭЭЭ,NONLEX,Э
17786,,…,…,PUNCT,,,,,,,,,,PUNCT,,,
17787,,,,,,,,,,,,,,,,,
17788,# sent = 1328,,,,,,,,,,,,,,,,
17789,,Это,ЭТО,SPRO n - nom sg,,,"…   _Это_ то , чего",о,т,э,,,,SPRO,ЭТО,S n - nom sg,О
17790,,то,ТО,SPRO n - nom sg,,,"  Это _то_ , чего у",о,т,,,,,SPRO,ТО,CONJ,О
17791,,",",",",PUNCT,,,,,,,,,,PUNCT,,,
17792,,чего,ЧТО,SPRO n inan gen sg,,,"Это то , _чего_ у нас не",о,г,е,ч,,,SPRO,ЧТО,S n - gen sg,О
17793,,у,У,PR,,,"то , чего _у_ нас не происходило",у,,,,,,PR,У,PR,У
17794,,нас,МЫ,SPRO pl 1p - loc,,,", чего у _нас_ не происходило уже",с,а,н,,,,SPRO,МЫ,SPRO pl 1p - loc,Ы
17795,,не,НЕ,PART,,,чего у нас _не_ происходило уже давно,е,н,,,,,PART,НЕ,PART,Е
17796,,происходило,ПРОИСХОДИТЬ,V ipf praet sg indic n -,,,у нас не _происходило_ уже давно .,о,л,и,д,о,х,V,ПРОИСХОДИТЬ,V ipf praet sg indic n -,Ь
17797,,уже,УЖЕ,PART,,,нас не происходило _уже_ давно . ,е,ж,у,,,,ADV,УЖЕ,ADV -,Е
17798,,давно,ДАВНО,ADV -,,,не происходило уже _давно_ .  ,о,н,в,а,д,,ADV,ДАВНО,ADV -,О
17799,,.,.,PUNCT,,,,,,,,,,PUNCT,,,
17800,,,,,,,,,,,,,,,,,
17801,# sent = 1329,,,,,,,,,,,,,,,,
17802,,Последний,ПОСЛЕДНИЙ,A - nom sg plen m -,,,".   _Последний_ , кто-то что-то",й,и,н,д,е,л,A,ПОСЛЕДНИЙ,A - nom sg plen m -,Й
17803,,",",",",PUNCT,,,,,,,,,,PUNCT,,,
17804,,кто-то,КТО-ТО,SPRO m - nom sg,,," Последний , _кто-то_ что-то принципиально …",о,т,-,о,т,к,S,КТО-ТО,S m - nom sg,О
17805,,что-то,ЧТО-ТО,SPRO n inan acc sg,,,"Последний , кто-то _что-то_ принципиально … эээ",о,т,-,о,т,ч,SPRO,ЧТО-ТО,S n - acc sg,О
17806,,принципиально,ПРИНЦИПИАЛЬНО,ADV -,,,", кто-то что-то _принципиально_ … эээ …",о,н,ь,л,а,и,ADV,ПРИНЦИПИАЛЬНО,ADV -,О
17807,,…,…,PUNCT,,,,,,,,,,PUNCT,,,
17808,,эээ,ЭЭЭ,NONLEX,distort,,что-то принципиально … _эээ_ … новое писал,э,э,э,,,,NONLEX,ЭЭЭ,NONLEX,Э
17809,,…,…,PUNCT,,,,,,,,,,PUNCT,,,
17810,,новое,НОВЫЙ,A - nom sg plen n -,,,"… эээ … _новое_ писал , был",е,о,в,о,н,,A,НОВЫЙ,A - nom sg plen n -,Й
17811,,писал,ПИСАТЬ,V ipf praet sg indic m -,,,"эээ … новое _писал_ , был Прокофьев",л,а,с,и,п,,V,ПИСАТЬ,V ipf praet sg indic m -,Ь
17812,,",",",",PUNCT,,,,,,,,,,PUNCT,,,
17813,,был,БЫТЬ,V ipf praet sg indic m -,,,"новое писал , _был_ Прокофьев ? ",л,ы,б,,,,V,БЫТЬ,V ipf praet sg indic m -,Ь
17814,,Прокофьев,ПРОКОФЬЕВ,S m anim nom sg,,,"писал , был _Прокофьев_ ?  ",в,е,ь,ф,о,к,S,ПРОКОФЬЕВ,S m anim nom sg,В
17815,,?,?,PUNCT,,,,,,,,,,PUNCT,,,
17816,,,,,,,,,,,,,,,,,
17817,# sent = 1330,,,,,,,,,,,,,,,,
17818,,Если,ЕСЛИ,CONJ,,,?   _Если_ не ошибаюсь .,и,л,с,е,,,CONJ,ЕСЛИ,CONJ,И
17819,,не,НЕ,PART,,,  Если _не_ ошибаюсь . ,е,н,,,,,PART,НЕ,PART,Е
17820,,ошибаюсь,ОШИБАТЬСЯ,V ipf praes sg indic - 1p,,, Если не _ошибаюсь_ .  ,ь,с,ю,а,б,и,V,ОШИБАТЬСЯ,V ipf praes sg indic - 1p,Я
17821,,.,.,PUNCT,,,,,,,,,,PUNCT,,,
17822,,,,,,,,,,,,,,,,,
17823,# sent = 1331,,,,,,,,,,,,,,,,
17824,,И,И,CONJ,,,.   _И_ Свиридов . ,и,,,,,,CONJ,И,CONJ,И
17825,,Свиридов,СВИРИДОВ,S m anim nom sg,,,  И _Свиридов_ .  ,в,о,д,и,р,и,S,СВИРИДОВ,S m anim nom sg,В
17826,,.,.,PUNCT,,,,,,,,,,PUNCT,,,
17827,,,,,,,,,,,,,,,,,
17828,# sent = 1332,,,,,,,,,,,,,,,,
17829,,Вот,ВОТ,PART,,,.   _Вот_ эти вот ребята,т,о,в,,,,PART,ВОТ,PART,Т
17830,,эти,ЭТОТ,APRO - nom pl plen - -,,,  Вот _эти_ вот ребята .,и,т,э,,,,APRO,ЭТОТ,A - nom pl plen - -,Т
17831,,вот,ВОТ,PART,,, Вот эти _вот_ ребята . ,т,о,в,,,,PART,ВОТ,PART,Т
17832,,ребята,РЕБЯТА,S - anim nom pl,,,Вот эти вот _ребята_ .  ,а,т,я,б,е,р,S,РЕБЯТА,S - anim nom pl,А
17833,,.,.,PUNCT,,,,,,,,,,PUNCT,,,
17834,,,,,,,,,,,,,,,,,
17835,# sent = 1333,,,,,,,,,,,,,,,,
17836,,Это,ЭТО,SPRO n - nom sg,,,.   _Это_ последние классики вообще,о,т,э,,,,SPRO,ЭТОТ,A - acc sg plen n -,О
17837,,последние,ПОСЛЕДНИЙ,A - nom pl plen - -,,,  Это _последние_ классики вообще мировые,е,и,н,д,е,л,A,ПОСЛЕДНИЙ,A - nom pl plen - -,Й
17838,,классики,КЛАССИК,S m anim nom pl,,, Это последние _классики_ вообще мировые .,и,к,и,с,с,а,S,КЛАССИКА,S m anim nom pl,К
17839,,вообще,ВООБЩЕ,ADV -,,,Это последние классики _вообще_ мировые . ,е,щ,б,о,о,в,ADV,ВООБЩЕ,ADV -,Е
17840,,мировые,МИРОВОЙ,A - nom pl plen - -,,,последние классики вообще _мировые_ .  ,е,ы,в,о,р,и,A,МИРОВОЙ,A - nom pl plen - -,Й
17841,,.,.,PUNCT,,,,,,,,,,PUNCT,,,
17842,,,,,,,,,,,,,,,,,
17843,# sent = 1334,,,,,,,,,,,,,,,,
17844,,Это,ЭТО,SPRO n - nom sg,,,.   _Это_ на них музыка,о,т,э,,,,SPRO,ЭТО,S n - nom sg,О
17845,,на,НА,PR,,,  Это _на_ них музыка остановилась,а,н,,,,,PR,НА,PR,А
17846,,них,ОНИ,SPRO pl - - loc,,, Это на _них_ музыка остановилась .,х,и,н,,,,SPRO,ОНИ,SPRO pl - - loc,И
17847,,музыка,МУЗЫКА,S f inan nom sg,,,Это на них _музыка_ остановилась . ,а,к,ы,з,у,м,S,МУЗЫКА,S f inan nom sg,А
17848,,остановилась,ОСТАНОВИТЬСЯ,V pf praet sg indic f -,,,на них музыка _остановилась_ .  ,ь,с,а,л,и,в,V,ОСТАНОВИТЬСЯ,V pf praet sg indic f -,Я
17849,,.,.,PUNCT,,,,,,,,,,PUNCT,,,
17850,,,,,,,,,,,,,,,,,
17851,# sent = 1335,,,,,,,,,,,,,,,,
17852,,И,И,CONJ,,,".   _И_ все , что",и,,,,,,CONJ,И,CONJ,И
17853,,все,ВСЕ,SPRO - - nom pl,,,"  И _все_ , что сейчас",е,с,в,,,,S,ВСЕ,S - - nom pl,Е
17854,,",",",",PUNCT,,,,,,,,,,PUNCT,,,
17855,,что,ЧТО,CONJ,,,"И все , _что_ сейчас , -",о,т,ч,,,,CONJ,ЧТО,CONJ,О
17856,,сейчас,СЕЙЧАС,ADV -,,,"все , что _сейчас_ , - это",с,а,ч,й,е,с,ADV,СЕЙЧАС,ADV -,С
17857,,",",",",PUNCT,,,,,,,,,,PUNCT,,,
17858,,-,-,PUNCT,,,,,,,,,,PUNCT,,,
17859,,это,ЭТО,SPRO n - nom sg,,,"сейчас , - _это_ что-то раздробленное ,",о,т,э,,,,SPRO,ЭТО,S n - nom sg,О
17860,,что-то,ЧТО-ТО,SPRO n inan nom sg,,,", - это _что-то_ раздробленное , такое",о,т,-,о,т,ч,SPRO,ЧТО-ТО,S n - nom sg,О
17861,,раздробленное,РАЗДРОБЛЕННЫЙ,A - acc sg plen n -,,,"- это что-то _раздробленное_ , такое …",е,о,н,н,е,л,A,РАЗДРОБЛЕННЫЙ,A - acc sg plen n -,Й
17862,,",",",",PUNCT,,,,,,,,,,PUNCT,,,
17863,,такое,ТАКОЙ,APRO - nom sg plen n -,,,"что-то раздробленное , _такое_ … ээээ …",е,о,к,а,т,,APRO,ТАКОЙ,A - nom sg plen n -,Й
17864,,…,…,PUNCT,,,,,,,,,,PUNCT,,,
17865,,ээээ,ЭЭЭЭ,NONLEX,distort,,", такое … _ээээ_ … непонятное что-то",э,э,э,э,,,NONLEX,ЭЭЭЭ,NONLEX,Э
17866,,…,…,PUNCT,,,,,,,,,,PUNCT,,,
17867,,непонятное,НЕПОНЯТНЫЙ,A - nom sg plen n -,,,… ээээ … _непонятное_ что-то каждый сам,е,о,н,т,я,н,A,НЕПОНЯТНЫЙ,A - nom sg plen n -,Й
17868,,что-то,ЧТО-ТО,SPRO n inan acc sg,,,ээээ … непонятное _что-то_ каждый сам делает,о,т,-,о,т,ч,SPRO,ЧТО-ТО,S n - acc sg,О
17869,,каждый,КАЖДЫЙ,APRO - nom sg plen m -,,,… непонятное что-то _каждый_ сам делает .,й,ы,д,ж,а,к,APRO,КАЖДЫЙ,A - nom sg plen m -,Й
17870,,сам,САМ,A - nom sg plen m -,,,непонятное что-то каждый _сам_ делает . ,м,а,с,,,,A,САМ,A - nom sg plen m -,М
17871,,делает,ДЕЛАТЬ,V ipf praes sg indic - 3p,,,что-то каждый сам _делает_ .  ,т,е,а,л,е,д,V,ДЕЛАТЬ,V ipf praes sg indic - 3p,Ь
17872,,.,.,PUNCT,,,,,,,,,,PUNCT,,,
17873,,,,,,,,,,,,,,,,,
17874,# sent = 1336,,,,,,,,,,,,,,,,
17875,,Вот,ВОТ,PART,,,.   _Вот_ .  ,т,о,в,,,,PART,ВОТ,PART,Т
17876,,.,.,PUNCT,,,,,,,,,,PUNCT,,,
17877,,,,,,,,,,,,,,,,,
17878,# sent = 1337,,,,,,,,,,,,,,,,
17879,,Это,ЭТО,SPRO n - nom sg,,,.   _Это_ люди - последние,о,т,э,,,,SPRO,ЭТО,S n - nom sg,О
17880,,люди,ЧЕЛОВЕК,S m anim nom pl,,,  Это _люди_ - последние люди,и,д,ю,л,,,S,ЧЕЛОВЕК,S m anim nom pl,К
17881,,-,-,PUNCT,,,,,,,,,,PUNCT,,,
17882,,последние,ПОСЛЕДНИЙ,A - nom pl plen - -,,,"Это люди - _последние_ люди такие ,",е,и,н,д,е,л,A,ПОСЛЕДНИЙ,A - nom pl plen - -,Й
17883,,люди,ЧЕЛОВЕК,S m anim nom pl,,,"люди - последние _люди_ такие , мирового",и,д,ю,л,,,S,ЧЕЛОВЕК,S m anim nom pl,К
17884,,такие,ТАКОЙ,APRO - acc pl plen - inan,,,"- последние люди _такие_ , мирового масштаба",е,и,к,а,т,,APRO,ТАКОЙ,A - acc pl plen - inan,Й
17885,,",",",",PUNCT,,,,,,,,,,PUNCT,,,
17886,,мирового,МИРОВОЙ,A - gen sg plen m -,,,"люди такие , _мирового_ масштаба , которые",о,г,о,в,о,р,A,МИРОВОЙ,A - gen sg plen m -,Й
17887,,масштаба,МАСШТАБ,S m inan gen sg,,,"такие , мирового _масштаба_ , которые в",а,б,а,т,ш,с,S,МАСШТАБ,S m inan gen sg,Б
17888,,",",",",PUNCT,,,,,,,,,,PUNCT,,,
17889,,которые,КОТОРЫЙ,APRO - nom pl plen - -,,,"мирового масштаба , _которые_ в музыку что-то",е,ы,р,о,т,о,APRO,КОТОРЫЙ,A - nom pl plen - -,Й
17890,,в,В,PR,,,"масштаба , которые _в_ музыку что-то принципиально",в,,,,,,PR,В,PR,В
17891,,музыку,МУЗЫКА,S f inan acc sg,,,", которые в _музыку_ что-то принципиально новое",у,к,ы,з,у,м,S,МУЗЫКА,S f inan acc sg,А
17892,,что-то,ЧТО-ТО,SPRO n inan nom sg,,,которые в музыку _что-то_ принципиально новое привносили,о,т,-,о,т,ч,SPRO,ЧТО-ТО,S n - nom sg,О
17893,,принципиально,ПРИНЦИПИАЛЬНО,ADV -,,,"в музыку что-то _принципиально_ новое привносили ,",о,н,ь,л,а,и,ADV,ПРИНЦИПИАЛЬНО,ADV -,О
17894,,новое,НОВОЕ,S n inan acc sg,,,"музыку что-то принципиально _новое_ привносили , которые",е,о,в,о,н,,S,НОВОЕ,S n inan acc sg,Е
17895,,привносили,ПРИВНОСИТЬ,V ipf praet pl indic - -,,,"что-то принципиально новое _привносили_ , которые двигали",и,л,и,с,о,н,V,ПРИВНОСИТЬ,V ipf praet pl indic - -,Ь
17896,,",",",",PUNCT,,,,,,,,,,PUNCT,,,
17897,,которые,КОТОРЫЙ,APRO - nom pl plen - -,,,"новое привносили , _которые_ двигали . ",е,ы,р,о,т,о,APRO,КОТОРЫЙ,A - nom pl plen - -,Й
17898,,двигали,ДВИГАТЬ,V ipf praet pl indic - -,,,"привносили , которые _двигали_ .  ",и,л,а,г,и,в,V,ДВИГАТЬ,V ipf praet pl indic - -,Ь
17899,,.,.,PUNCT,,,,,,,,,,PUNCT,,,
17900,,,,,,,,,,,,,,,,,
17901,# sent = 1338,,,,,,,,,,,,,,,,
17902,,Вот,ВОТ,PART,,,".   _Вот_ , очень ,",т,о,в,,,,PART,ВОТ,PART,Т
17903,,",",",",PUNCT,,,,,,,,,,PUNCT,,,
17904,,очень,ОЧЕНЬ,ADV -,,," Вот , _очень_ , конечно ,",ь,н,е,ч,о,,ADV,ОЧЕНЬ,ADV -,Ь
17905,,",",",",PUNCT,,,,,,,,,,PUNCT,,,
17906,,конечно,КОНЕЧНО,PARENTH,,,", очень , _конечно_ , приятно то",о,н,ч,е,н,о,ADV,КОНЕЧНО,ADV -,О
17907,,",",",",PUNCT,,,,,,,,,,PUNCT,,,
17908,,приятно,ПРИЯТНО,ADV -,,,", конечно , _приятно_ то , ",о,н,т,я,и,р,ADV,ПРИЯТНО,ADV -,О
17909,,то,ТО,SPRO n - nom sg,,,"конечно , приятно _то_ ,  шо",о,т,,,,,SPRO,ТО,CONJ,О
17910,,",",",",PUNCT,,,,,,,,,,PUNCT,,,
17911,"<distinct form=""",,,,,,,,,,,,,,,,
17912,<dist>,шо,ЧТО,,,,,,,,,,,,,,
17913,""">",,,,,,,,,,,,,,,,
17914,,что,ЧТО,CONJ,,, шо  _что_  они жили,о,т,ч,,,,CONJ,ЧТО,CONJ,О
17915,</distinct>,,,,,,,,,,,,,,,,
17916,,они,ОНИ,SPRO pl - - nom,,, что  _они_ жили в России,и,н,о,,,,SPRO,ОНИ,SPRO pl - - nom,И
17917,,жили,ЖИТЬ,V ipf praet pl indic - -,,,что  они _жили_ в России .,и,л,и,ж,,,V,ЖИТЬ,V ipf praet pl indic - -,Ь
17918,,в,В,PR,,, они жили _в_ России . ,в,,,,,,PR,В,PR,В
17919,,России,РОССИЯ,S f inan loc sg,,,они жили в _России_ .  ,и,и,с,с,о,р,S,РОССИЯ,S f inan loc sg,Я
17920,,.,.,PUNCT,,,,,,,,,,PUNCT,,,
17921,,,,,,,,,,,,,,,,,
17922,# sent = 1339,,,,,,,,,,,,,,,,
17923,,Вот,ВОТ,PART,,,".   _Вот_ , и последние",т,о,в,,,,PART,ВОТ,PART,Т
17924,,",",",",PUNCT,,,,,,,,,,PUNCT,,,
17925,,и,И,CONJ,,," Вот , _и_ последние такие …",и,,,,,,CONJ,И,CONJ,И
17926,,последние,ПОСЛЕДНИЙ,A - acc pl plen - inan,,,"Вот , и _последние_ такие … эээ",е,и,н,д,е,л,A,ПОСЛЕДНИЙ,A - acc pl plen - inan,Й
17927,,такие,ТАКОЙ,APRO - acc pl plen - inan,,,", и последние _такие_ … эээ …",е,и,к,а,т,,APRO,ТАКОЙ,A - acc pl plen - inan,Й
17928,,…,…,PUNCT,,,,,,,,,,PUNCT,,,
17929,,эээ,ЭЭЭ,NONLEX,distort,,последние такие … _эээ_ … последние принципиально,э,э,э,,,,NONLEX,ЭЭЭ,NONLEX,Э
17930,,…,…,PUNCT,,,,,,,,,,PUNCT,,,
17931,,последние,ПОСЛЕДНИЙ,A - acc pl plen - inan,,,… эээ … _последние_ принципиально новые какие-то,е,и,н,д,е,л,A,ПОСЛЕДНИЙ,A - acc pl plen - inan,Й
17932,,принципиально,ПРИНЦИПИАЛЬНО,ADV -,,,эээ … последние _принципиально_ новые какие-то движения,о,н,ь,л,а,и,ADV,ПРИНЦИПИАЛЬНО,ADV -,О
17933,,новые,НОВЫЙ,A - nom pl plen - -,,,… последние принципиально _новые_ какие-то движения музыкальные,е,ы,в,о,н,,A,НОВЫЙ,A - nom pl plen - -,Й
17934,,какие-то,КАКОЙ-ТО,APRO - nom pl plen,,,последние принципиально новые _какие-то_ движения музыкальные …,о,т,-,е,и,к,APRO,КАКОЙ-ТО,A - nom pl plen - -,О
17935,,движения,ДВИЖЕНИЕ,S n inan nom pl,,,принципиально новые какие-то _движения_ музыкальные … эээ,я,и,н,е,ж,и,S,ДВИЖЕНИЕ,S n inan nom pl,Е
17936,,музыкальные,МУЗЫКАЛЬНЫЙ,A - nom pl plen - -,,,новые какие-то движения _музыкальные_ … эээ …,е,ы,н,ь,л,а,A,МУЗЫКАЛЬНЫЙ,A - nom pl plen - -,Й
17937,,…,…,PUNCT,,,,,,,,,,PUNCT,,,
17938,,эээ,ЭЭЭ,NONLEX,distort,,движения музыкальные … _эээ_ … были в,э,э,э,,,,NONLEX,ЭЭЭ,NONLEX,Э
17939,,…,…,PUNCT,,,,,,,,,,PUNCT,,,
17940,,были,БЫТЬ,V ipf praet pl indic - -,,,… эээ … _были_ в России .,и,л,ы,б,,,V,БЫТЬ,V ipf praet pl indic - -,Ь
17941,,в,В,PR,,,эээ … были _в_ России . ,в,,,,,,PR,В,PR,В
17942,,России,РОССИЯ,S f inan loc sg,,,… были в _России_ .  ,и,и,с,с,о,р,S,РОССИЯ,S f inan loc sg,Я
17943,,.,.,PUNCT,,,,,,,,,,PUNCT,,,
17944,,,,,,,,,,,,,,,,,
17945,# sent = 1340,,,,,,,,,,,,,,,,
17946,,Это,ЭТО,SPRO n - nom sg,,,.   _Это_ все происходило в,о,т,э,,,,SPRO,ЭТО,S n - nom sg,О
17947,,все,ВСЕ,SPRO n - nom sg,,,  Это _все_ происходило в начале,е,с,в,,,,S,ВСЕ,S n - nom sg,Е
17948,,происходило,ПРОИСХОДИТЬ,V ipf praet sg indic n -,,, Это все _происходило_ в начале ХХ,о,л,и,д,о,х,V,ПРОИСХОДИТЬ,V ipf praet sg indic n -,Ь
17949,,в,В,PR,,,Это все происходило _в_ начале ХХ века,в,,,,,,PR,В,PR,В
17950,,начале,НАЧАЛО,S n inan loc sg,,,все происходило в _начале_ ХХ века и,е,л,а,ч,а,н,S,НАЧАЛО,S n inan loc sg,О
17951,,ХХ,ХХ,ANUM ciph,,,происходило в начале _ХХ_ века и до,х,х,,,,,NONLEX,ХХ,NONLEX,Х
17952,,века,ВЕК,S m inan gen sg,,,в начале ХХ _века_ и до середины,а,к,е,в,,,S,ВЕК,S m inan gen sg,К
17953,,и,И,CONJ,,,начале ХХ века _и_ до середины ХХ,и,,,,,,CONJ,И,CONJ,И
17954,,до,ДО,PR,,,ХХ века и _до_ середины ХХ века,о,д,,,,,PR,ДО,PR,О
17955,,середины,СЕРЕДИНА,S f inan gen sg,,,века и до _середины_ ХХ века .,ы,н,и,д,е,р,S,СЕРЕДИНА,S f inan gen sg,А
17956,,ХХ,ХХ,ANUM ciph,,,и до середины _ХХ_ века . ,х,х,,,,,NONLEX,ХХ,NONLEX,Х
17957,,века,ВЕК,S m inan gen sg,,,до середины ХХ _века_ .  ,а,к,е,в,,,S,ВЕК,S m inan gen sg,К
17958,,.,.,PUNCT,,,,,,,,,,PUNCT,,,
17959,,,,,,,,,,,,,,,,,
17960,# sent = 1341,,,,,,,,,,,,,,,,
17961,,Вот,ВОТ,PART,,,.   _Вот_ .  ,т,о,в,,,,PART,ВОТ,PART,Т
17962,,.,.,PUNCT,,,,,,,,,,PUNCT,,,
17963,,,,,,,,,,,,,,,,,
17964,# sent = 1342,,,,,,,,,,,,,,,,
17965,,Аааа,АААА,INTJ,distort,,.   _Аааа_ … сейчас все,а,а,а,а,,,INTJ,АААА,S m inan nonflex -,А
17966,,…,…,PUNCT,,,,,,,,,,PUNCT,,,
17967,,сейчас,СЕЙЧАС,ADV -,,, Аааа … _сейчас_ все раздроблено .,с,а,ч,й,е,с,ADV,СЕЙЧАС,ADV -,С
17968,,все,ВСЕ,SPRO - - nom pl,,,Аааа … сейчас _все_ раздроблено . ,е,с,в,,,,S,ВСЕ,S - - nom pl,Е
17969,,раздроблено,РАЗДРОБИТЬ,PARTCP pf praet - sg brev n pass -,,,… сейчас все _раздроблено_ .  ,о,н,е,л,б,о,PARTCP,РАЗДРОБИТЬ,PARTCP pf praet - sg brev n pass -,Ь
17970,,.,.,PUNCT,,,,,,,,,,PUNCT,,,
17971,,,,,,,,,,,,,,,,,
17972,# sent = 1343,,,,,,,,,,,,,,,,
17973,,В,В,PR,,,.   _В_ основном неизвестные музыканты,в,,,,,,PR,В,PR,В
17974,,основном,ОСНОВНОЙ,A - loc sg plen n -,,,"  В _основном_ неизвестные музыканты ,",м,о,н,в,о,н,A,ОСНОВНОЙ,A - loc sg plen n -,Й
17975,,неизвестные,НЕИЗВЕСТНЫЙ,A - nom pl plen - -,,," В основном _неизвестные_ музыканты , те",е,ы,н,т,с,е,A,НЕИЗВЕСТНЫЙ,A - nom pl plen - -,Й
17976,,музыканты,МУЗЫКАНТ,S m anim nom pl,,,"В основном неизвестные _музыканты_ , те ,",ы,т,н,а,к,ы,S,МУЗЫКАНТ,S m anim nom pl,Т
17977,,",",",",PUNCT,,,,,,,,,,PUNCT,,,
17978,,те,ТОТ,A - nom pl plen - -,,,"неизвестные музыканты , _те_ , кто не",е,т,,,,,A,ТОТ,A - nom pl plen - -,Т
17979,,",",",",PUNCT,,,,,,,,,,PUNCT,,,
17980,,кто,КТО,SPRO m anim nom sg,,,", те , _кто_ не имеют музыкального",о,т,к,,,,S,КТО,S m anim nom sg,О
17981,,не,НЕ,PART,,,"те , кто _не_ имеют музыкального образования",е,н,,,,,PART,НЕ,PART,Е
17982,,имеют,ИМЕТЬ,V ipf praes pl indic - 3p,,,", кто не _имеют_ музыкального образования ,",т,ю,е,м,и,,V,ИМЕТЬ,V ipf praes pl indic - 3p,Ь
17983,,музыкального,МУЗЫКАЛЬНЫЙ,A - gen sg plen n -,,,"кто не имеют _музыкального_ образования , как",о,г,о,н,ь,л,A,МУЗЫКАЛЬНЫЙ,A - gen sg plen n -,Й
17984,,образования,ОБРАЗОВАНИЕ,S n inan gen sg,,,"не имеют музыкального _образования_ , как правило",я,и,н,а,в,о,S,ОБРАЗОВАНИЕ,S n inan gen sg,Е
17985,,",",",",PUNCT,,,,,,,,,,PUNCT,,,
17986,,как,КАК,PARENTH,,,"музыкального образования , _как_ правило , это",к,а,к,,,,CONJ,КАК,CONJ,К
17987,,правило,ПРАВИЛО,PARENTH,,,"образования , как _правило_ , это в",о,л,и,в,а,р,S,ПРАВИЛО,S n inan nom sg,О
17988,,",",",",PUNCT,,,,,,,,,,PUNCT,,,
17989,,это,ЭТО,SPRO n - nom sg,,,"как правило , _это_ в девяноста процентах",о,т,э,,,,SPRO,ЭТО,S n - nom sg,О
17990,,в,В,PR,,,"правило , это _в_ девяноста процентах они",в,,,,,,PR,В,PR,В
17991,,девяноста,ДЕВЯНОСТО,NUM loc - -,,,", это в _девяноста_ процентах они не",а,т,с,о,н,я,NUM,ДЕВЯНОСТО,NUM loc - -,О
17992,,процентах,ПРОЦЕНТ,S m inan loc pl,,,это в девяноста _процентах_ они не имеют,х,а,т,н,е,ц,S,ПРОЦЕНТ,S m inan loc pl,Т
17993,,они,ОНИ,SPRO pl - - nom,,,в девяноста процентах _они_ не имеют музыкального,и,н,о,,,,SPRO,ОНИ,SPRO pl - - nom,И
17994,,не,НЕ,PART,,,девяноста процентах они _не_ имеют музыкального образования,е,н,,,,,PART,НЕ,PART,Е
17995,,имеют,ИМЕТЬ,V ipf praes pl indic - 3p,,,процентах они не _имеют_ музыкального образования .,т,ю,е,м,и,,V,ИМЕТЬ,V ipf praes pl indic - 3p,Ь
17996,,музыкального,МУЗЫКАЛЬНЫЙ,A - gen sg plen n -,,,они не имеют _музыкального_ образования . ,о,г,о,н,ь,л,A,МУЗЫКАЛЬНЫЙ,A - gen sg plen n -,Й
17997,,образования,ОБРАЗОВАНИЕ,S n inan gen sg,,,не имеют музыкального _образования_ .  ,я,и,н,а,в,о,S,ОБРАЗОВАНИЕ,S n inan gen sg,Е
17998,,.,.,PUNCT,,,,,,,,,,PUNCT,,,
17999,,,,,,,,,,,,,,,,,
18000,# sent = 1344,,,,,,,,,,,,,,,,
18001,,Вот,ВОТ,PART,,,.   _Вот_ .  ,т,о,в,,,,PART,ВОТ,PART,Т
18002,,.,.,PUNCT,,,,,,,,,,PUNCT,,,
18003,,,,,,,,,,,,,,,,,
18004,# sent = 1345,,,,,,,,,,,,,,,,
18005,,В,В,PR,,,.   _В_ лучшем случае им,в,,,,,,PR,В,PR,В
18006,,лучшем,ЛУЧШИЙ,A supr loc sg plen m -,,,  В _лучшем_ случае им пишут,м,е,ш,ч,у,л,A,ЛУЧШИЙ,A supr loc sg plen m -,Й
18007,,случае,СЛУЧАЙ,S m inan loc sg,,, В лучшем _случае_ им пишут музыку,е,а,ч,у,л,с,S,СЛУЧАЙ,S m inan loc sg,Й
18008,,им,ОНИ,SPRO pl - - dat,,,В лучшем случае _им_ пишут музыку люди,м,и,,,,,SPRO,ОНИ,SPRO pl - - dat,И
18009,,пишут,ПИСАТЬ,V ipf praes pl indic - 3p,,,"лучшем случае им _пишут_ музыку люди ,",т,у,ш,и,п,,V,ПИСАТЬ,V ipf praes pl indic - 3p,Ь
18010,,музыку,МУЗЫКА,S f inan acc sg,,,"случае им пишут _музыку_ люди , которые",у,к,ы,з,у,м,S,МУЗЫКА,S f inan acc sg,А
18011,,люди,ЧЕЛОВЕК,S m anim nom pl,,,"им пишут музыку _люди_ , которые имеют",и,д,ю,л,,,S,ЧЕЛОВЕК,S m anim nom pl,К
18012,,",",",",PUNCT,,,,,,,,,,PUNCT,,,
18013,,которые,КОТОРЫЙ,APRO - nom pl plen - -,,,"музыку люди , _которые_ имеют музыкальное образование",е,ы,р,о,т,о,APRO,КОТОРЫЙ,A - nom pl plen - -,Й
18014,,имеют,ИМЕТЬ,V ipf praes pl indic - 3p,,,"люди , которые _имеют_ музыкальное образование .",т,ю,е,м,и,,V,ИМЕТЬ,V ipf praes pl indic - 3p,Ь
18015,,музыкальное,МУЗЫКАЛЬНЫЙ,A - acc sg plen n inan,,,", которые имеют _музыкальное_ образование . ",е,о,н,ь,л,а,A,МУЗЫКАЛЬНЫЙ,A - acc sg plen n inan,Й
18016,,образование,ОБРАЗОВАНИЕ,S n inan acc sg,,,которые имеют музыкальное _образование_ .  ,е,и,н,а,в,о,S,ОБРАЗОВАНИЕ,S n inan acc sg,Е
18017,,.,.,PUNCT,,,,,,,,,,PUNCT,,,
18018,,,,,,,,,,,,,,,,,
18019,# sent = 1346,,,,,,,,,,,,,,,,
18020,,Вот,ВОТ,PART,,,.   _Вот_ .  ,т,о,в,,,,PART,ВОТ,PART,Т
18021,,.,.,PUNCT,,,,,,,,,,PUNCT,,,
18022,,,,,,,,,,,,,,,,,
18023,# sent = 1347,,,,,,,,,,,,,,,,
18024,,Эээ,ЭЭЭ,NONLEX,distort,,.   _Эээ_ …  ,э,э,э,,,,NONLEX,ЭЭЭ,NONLEX,Э
18025,,…,…,PUNCT,,,,,,,,,,PUNCT,,,
18026,,,,,,,,,,,,,,,,,
18027,# sent = 1348,,,,,,,,,,,,,,,,
18028,"<distinct form=""",,,,,,,,,,,,,,,,
18029,<dist>,щас,СЕЙЧАС,,,,,,,,,,,,,,
18030,""">",,,,,,,,,,,,,,,,
18031,,сейчас,СЕЙЧАС,ADV -,,, щас  _сейчас_  … все,с,а,ч,й,е,с,ADV,СЕЙЧАС,ADV -,С
18032,</distinct>,,,,,,,,,,,,,,,,
18033,,…,…,PUNCT,,,,,,,,,,PUNCT,,,
18034,,все,ВСЕ,SPRO - nom pl ,,,сейчас  … _все_ … новые технологии,е,с,в,,,,APRO,ВЕСЬ,A - nom pl plen - -,Е
18035,,…,…,PUNCT,,,,,,,,,,PUNCT,,,
18036,,новые,НОВЫЙ,A - nom pl plen - -,,,"… все … _новые_ технологии появились ,",е,ы,в,о,н,,A,НОВЫЙ,A - nom pl plen - -,Й
18037,,технологии,ТЕХНОЛОГИЯ,S f inan nom pl,,,"все … новые _технологии_ появились , появились",и,и,г,о,л,о,S,ТЕХНОЛОГИЯ,S f inan nom pl,Я
18038,,появились,ПОЯВИТЬСЯ,V pf praet pl indic - -,,,"… новые технологии _появились_ , появились новые",ь,с,и,л,и,в,V,ПОЯВИТЬСЯ,V pf praet pl indic - -,Я
18039,,",",",",PUNCT,,,,,,,,,,PUNCT,,,
18040,,появились,ПОЯВИТЬСЯ,V pf praet pl indic - -,,,"технологии появились , _появились_ новые подходы к",ь,с,и,л,и,в,V,ПОЯВИТЬСЯ,V pf praet pl indic - -,Я
18041,,новые,НОВЫЙ,A - nom pl plen - -,,,"появились , появились _новые_ подходы к написанию",е,ы,в,о,н,,A,НОВЫЙ,A - nom pl plen - -,Й
18042,,подходы,ПОДХОД,S m inan nom pl,,,", появились новые _подходы_ к написанию музыки",ы,д,о,х,д,о,S,ПОДХОД,S m inan nom pl,Д
18043,,к,К,PR,,,"появились новые подходы _к_ написанию музыки ,",к,,,,,,PR,К,PR,К
18044,,написанию,НАПИСАНИЕ,S n inan dat sg,,,"новые подходы к _написанию_ музыки , но",ю,и,н,а,с,и,S,НАПИСАНИЕ,S n inan dat sg,Е
18045,,музыки,МУЗЫКА,S f inan gen sg,,,"подходы к написанию _музыки_ , но э",и,к,ы,з,у,м,S,МУЗЫКА,S f inan gen sg,А
18046,,",",",",PUNCT,,,,,,,,,,PUNCT,,,
18047,,но,НО,CONJ,,,"написанию музыки , _но_ э … нужно",о,н,,,,,CONJ,НО,CONJ,О
18048,,э,Э,INTJ,,,"музыки , но _э_ … нужно иметь",э,,,,,,INTJ,Э,S f inan nonflex -,Э
18049,,…,…,PUNCT,,,,,,,,,,PUNCT,,,
18050,,нужно,НУЖНО,PRAEDIC,,,но э … _нужно_ иметь ээ …,о,н,ж,у,н,,PRAEDIC,НУЖНО,ADV -,О
18051,,иметь,ИМЕТЬ,V ipf tran ipf inf act,,,э … нужно _иметь_ ээ … желательно,ь,т,е,м,и,,V,ИМЕТЬ,V ipf - - inf - -,Ь
18052,,ээ,ЭЭ,NONLEX,distort,,… нужно иметь _ээ_ … желательно вообще,э,э,,,,,NONLEX,ЭЭ,NONLEX,Э
18053,,…,…,PUNCT,,,,,,,,,,PUNCT,,,
18054,,желательно,ЖЕЛАТЕЛЬНО,ADV -,,,иметь ээ … _желательно_ вообще иметь команду,о,н,ь,л,е,т,ADV,ЖЕЛАТЕЛЬНО,ADV -,О
18055,,вообще,ВООБЩЕ,ADV -,,,ээ … желательно _вообще_ иметь команду людей,е,щ,б,о,о,в,ADV,ВООБЩЕ,ADV -,Е
18056,,иметь,ИМЕТЬ,V ipf tran ipf inf act,,,"… желательно вообще _иметь_ команду людей ,",ь,т,е,м,и,,V,ИМЕТЬ,V ipf - - inf - -,Ь
18057,,команду,КОМАНДА,S f inan acc sg,,,"желательно вообще иметь _команду_ людей , которая",у,д,н,а,м,о,S,КОМАНДА,S f inan acc sg,А
18058,,людей,ЧЕЛОВЕК,S m anim gen pl,,,"вообще иметь команду _людей_ , которая бы",й,е,д,ю,л,,S,ЧЕЛОВЕК,S m anim gen pl,К
18059,,",",",",PUNCT,,,,,,,,,,PUNCT,,,
18060,,которая,КОТОРЫЙ,APRO - nom sg plen f -,,,"команду людей , _которая_ бы … каждый",я,а,р,о,т,о,APRO,КОТОРЫЙ,A - nom sg plen f -,Й
18061,,бы,БЫ,PART,,,"людей , которая _бы_ … каждый был",ы,б,,,,,PART,БЫ,PART,Ы
18062,,…,…,PUNCT,,,,,,,,,,PUNCT,,,
18063,,каждый,КАЖДЫЙ,APRO - nom sg plen m -,,,которая бы … _каждый_ был в своей,й,ы,д,ж,а,к,APRO,КАЖДЫЙ,A - nom sg plen m -,Й
18064,,был,БЫТЬ,V ipf praet sg indic m -,,,бы … каждый _был_ в своей какой-то,л,ы,б,,,,V,БЫТЬ,V ipf praet sg indic m -,Ь
18065,,в,В,PR,,,… каждый был _в_ своей какой-то сфере,в,,,,,,PR,В,PR,В
18066,,своей,СВОЙ,APRO - loc sg plen f -,,,каждый был в _своей_ какой-то сфере продвинутый,й,е,о,в,с,,APRO,СВОЙ,A - loc sg plen f -,Й
18067,,какой-то,КАКОЙ-ТО,APRO - loc sg plen f -,,,был в своей _какой-то_ сфере продвинутый .,о,т,-,й,о,к,APRO,КАКОЙ-ТО,A - loc sg plen f -,О
18068,,сфере,СФЕРА,S f inan loc sg,,,в своей какой-то _сфере_ продвинутый . ,е,р,е,ф,с,,S,СФЕРА,S f inan loc sg,А
18069,,продвинутый,ПРОДВИНУТЫЙ,A - acc sg plen m inan,,,своей какой-то сфере _продвинутый_ .  ,й,ы,т,у,н,и,A,ПРОДВИНУТЫЙ,A - acc sg plen m inan,Й
18070,,.,.,PUNCT,,,,,,,,,,PUNCT,,,
18071,,,,,,,,,,,,,,,,,
18072,# sent = 1349,,,,,,,,,,,,,,,,
18073,,Вот,ВОТ,PART,,,.   _Вот_ .  ,т,о,в,,,,PART,ВОТ,PART,Т
18074,,.,.,PUNCT,,,,,,,,,,PUNCT,,,
18075,,,,,,,,,,,,,,,,,
18076,# sent = 1350,,,,,,,,,,,,,,,,
18077,,Чтобы,ЧТОБЫ,CONJ,,,.   _Чтобы_ писать действительно что-то,ы,б,о,т,ч,,CONJ,ЧТОБЫ,CONJ,Ы
18078,,писать,ПИСАТЬ,V ipf - - inf - -,,,  Чтобы _писать_ действительно что-то новое,ь,т,а,с,и,п,V,ПИСАТЬ,V ipf - - inf - -,Ь
18079,,действительно,ДЕЙСТВИТЕЛЬНО,ADV,,, Чтобы писать _действительно_ что-то новое .,о,н,ь,л,е,т,ADV,ДЕЙСТВИТЕЛЬНО,ADV -,О
18080,,что-то,ЧТО-ТО,SPRO n inan nom sg,,,Чтобы писать действительно _что-то_ новое . ,о,т,-,о,т,ч,SPRO,ЧТО-ТО,S n - nom sg,О
18081,,новое,НОВЫЙ,A - nom sg plen n -,,,писать действительно что-то _новое_ .  ,е,о,в,о,н,,A,НОВЫЙ,A - nom sg plen n -,Й
18082,,.,.,PUNCT,,,,,,,,,,PUNCT,,,
18083,,,,,,,,,,,,,,,,,
18084,# sent = 1351,,,,,,,,,,,,,,,,
18085,,И,И,CONJ,,,.   _И_ нужно очень широкий,и,,,,,,CONJ,И,CONJ,И
18086,,нужно,НУЖНО,PRAEDIC,,,  И _нужно_ очень широкий ум,о,н,ж,у,н,,PRAEDIC,НУЖНО,ADV -,О
18087,,очень,ОЧЕНЬ,ADV -,,, И нужно _очень_ широкий ум иметь,ь,н,е,ч,о,,ADV,ОЧЕНЬ,ADV -,Ь
18088,,широкий,ШИРОКИЙ,A - nom sg plen m -,,,"И нужно очень _широкий_ ум иметь ,",й,и,к,о,р,и,A,ШИРОКИЙ,A - nom sg plen m -,Й
18089,,ум,УМ,S m inan nom sg,,,"нужно очень широкий _ум_ иметь , который",м,у,,,,,S,УМ,S m inan nom sg,М
18090,,иметь,ИМЕТЬ,V ipf tran ipf inf act,,,"очень широкий ум _иметь_ , который ну",ь,т,е,м,и,,V,ИМЕТЬ,V ipf - - inf - -,Ь
18091,,",",",",PUNCT,,,,,,,,,,PUNCT,,,
18092,,который,КОТОРЫЙ,APRO - nom sg plen m -,,,"ум иметь , _который_ ну не ум",й,ы,р,о,т,о,APRO,КОТОРЫЙ,A - nom sg plen m -,Й
18093,,ну,НУ,PART,,,"иметь , который _ну_ не ум ,",у,н,,,,,PART,НУ,PART,У
18094,,не,НЕ,PART,,,", который ну _не_ ум , ну",е,н,,,,,PART,НЕ,PART,Е
18095,,ум,УМ,S m inan nom sg,,,"который ну не _ум_ , ну широкие",м,у,,,,,S,УМ,S m inan nom sg,М
18096,,",",",",PUNCT,,,,,,,,,,PUNCT,,,
18097,,ну,НУ,PART,,,"не ум , _ну_ широкие познания вообще",у,н,,,,,PART,НУ,PART,У
18098,,широкие,ШИРОКИЙ,A - nom pl plen - -,,,"ум , ну _широкие_ познания вообще в",е,и,к,о,р,и,A,ШИРОКИЙ,A - nom pl plen - -,Й
18099,,познания,ПОЗНАНИЕ,S n inan nom pl,,,", ну широкие _познания_ вообще в музыке",я,и,н,а,н,з,S,ПОЗНАНИЕ,S n inan nom pl,Е
18100,,вообще,ВООБЩЕ,ADV -,,,"ну широкие познания _вообще_ в музыке ,",е,щ,б,о,о,в,ADV,ВООБЩЕ,ADV -,Е
18101,,в,В,PR,,,"широкие познания вообще _в_ музыке , не",в,,,,,,PR,В,PR,В
18102,,музыке,МУЗЫКА,S f inan loc sg,,,"познания вообще в _музыке_ , не только",е,к,ы,з,у,м,S,МУЗЫКА,S f inan loc sg,А
18103,,",",",",PUNCT,,,,,,,,,,PUNCT,,,
18104,,не,НЕ,PART,,,"в музыке , _не_ только в музыке",е,н,,,,,PART,НЕ,PART,Е
18105,,только,ТОЛЬКО,PART,,,"музыке , не _только_ в музыке .",о,к,ь,л,о,т,PART,ТОЛЬКО,PART,О
18106,,в,В,PR,,,", не только _в_ музыке . ",в,,,,,,PR,В,PR,В
18107,,музыке,МУЗЫКА,S f inan loc sg,,,не только в _музыке_ .  ,е,к,ы,з,у,м,S,МУЗЫКА,S f inan loc sg,А
18108,,.,.,PUNCT,,,,,,,,,,PUNCT,,,
18109,,,,,,,,,,,,,,,,,
18110,# sent = 1352,,,,,,,,,,,,,,,,
18111,,Но,НО,CONJ,,,.   _Но_ и вообще нужно,о,н,,,,,CONJ,НО,CONJ,О
18112,,и,И,CONJ,,,  Но _и_ вообще нужно понимать,и,,,,,,CONJ,И,CONJ,И
18113,,вообще,ВООБЩЕ,ADV -,,," Но и _вообще_ нужно понимать ,",е,щ,б,о,о,в,ADV,ВООБЩЕ,ADV -,Е
18114,,нужно,НУЖНО,PRAEDIC,,,"Но и вообще _нужно_ понимать , что",о,н,ж,у,н,,PRAEDIC,НУЖНО,ADV -,О
18115,,понимать,ПОНИМАТЬ,V ipf - - inf - -,,,"и вообще нужно _понимать_ , что людям",ь,т,а,м,и,н,V,ПОНИМАТЬ,V ipf - - inf - -,Ь
18116,,",",",",PUNCT,,,,,,,,,,PUNCT,,,
18117,,что,ЧТО,CONJ,,,"нужно понимать , _что_ людям нужно ,",о,т,ч,,,,CONJ,ЧТО,CONJ,О
18118,,людям,ЧЕЛОВЕК,S m anim dat pl,,,"понимать , что _людям_ нужно , маркетинг",м,я,д,ю,л,,S,ЧЕЛОВЕК,S m anim dat pl,К
18119,,нужно,НУЖНО,PRAEDIC,,,", что людям _нужно_ , маркетинг ,",о,н,ж,у,н,,PRAEDIC,НУЖНО,ADV -,О
18120,,",",",",PUNCT,,,,,,,,,,PUNCT,,,
18121,,маркетинг,МАРКЕТИНГ,S m inan nom sg,,,"людям нужно , _маркетинг_ , там куча",г,н,и,т,е,к,S,МАРКЕТИНГ,S m inan nom sg,Г
18122,,",",",",PUNCT,,,,,,,,,,PUNCT,,,
18123,,там,ТАМ,ADV -,,,", маркетинг , _там_ куча - куча",м,а,т,,,,ADV,ТАМ,ADV -,М
18124,,куча,КУЧА,S f inan nom sg,,,"маркетинг , там _куча_ - куча всего",а,ч,у,к,,,S,КУЧА,S f inan nom sg,А
18125,,-,-,PUNCT,,,,,,,,,,PUNCT,,,
18126,,куча,КУЧА,S f inan nom sg,,,там куча - _куча_ всего . ,а,ч,у,к,,,S,КУЧА,S f inan nom sg,А
18127,,всего,ВСЕГО,SPRO - - gen pl,,,куча - куча _всего_ .  ,о,г,е,с,в,,PART,ВСЕГО,PART,О
18128,,.,.,PUNCT,,,,,,,,,,PUNCT,,,
18129,,,,,,,,,,,,,,,,,
18130,# sent = 1353,,,,,,,,,,,,,,,,
18131,"<distinct form=""",,,,,,,,,,,,,,,,
18132,<dist>,щас,СЕЙЧАС,,,,,,,,,,,,,,
18133,""">",,,,,,,,,,,,,,,,
18134,,сейчас,СЕЙЧАС,ADV -,,, щас  _сейчас_  э …,с,а,ч,й,е,с,ADV,СЕЙЧАС,ADV -,С
18135,</distinct>,,,,,,,,,,,,,,,,
18136,,э,Э,INTJ,,, сейчас  _э_ … что-то принципиально,э,,,,,,INTJ,Э,S - - nonflex -,Э
18137,,…,…,PUNCT,,,,,,,,,,PUNCT,,,
18138,,что-то,ЧТО-ТО,SPRO n inan nom sg,,, э … _что-то_ принципиально новое написать,о,т,-,о,т,ч,SPRO,ЧТО-ТО,S n - nom sg,О
18139,,принципиально,ПРИНЦИПИАЛЬНО,ADV -,,,э … что-то _принципиально_ новое написать одновременно,о,н,ь,л,а,и,ADV,ПРИНЦИПИАЛЬНО,ADV -,О
18140,,новое,НОВЫЙ,A - acc sg plen n inan,,,… что-то принципиально _новое_ написать одновременно легко,е,о,в,о,н,,A,НОВЫЙ,A - acc sg plen n inan,Й
18141,,написать,НАПИСАТЬ,V int pf inf act,,,что-то принципиально новое _написать_ одновременно легко и,ь,т,а,с,и,п,V,НАПИСАТЬ,V pf - - inf - -,Ь
18142,,одновременно,ОДНОВРЕМЕННО,ADV -,,,принципиально новое написать _одновременно_ легко и сложно,о,н,н,е,м,е,ADV,ОДНОВРЕМЕННО,ADV -,О
18143,,легко,ЛЕГКО,PRAEDIC,,,новое написать одновременно _легко_ и сложно .,о,к,г,е,л,,PRAEDIC,ЛЕГКО,ADV -,О
18144,,и,И,CONJ,,,написать одновременно легко _и_ сложно . ,и,,,,,,CONJ,И,CONJ,И
18145,,сложно,СЛОЖНО,ADV -,,,одновременно легко и _сложно_ .  ,о,н,ж,о,л,с,ADV,СЛОЖНО,ADV -,О
18146,,.,.,PUNCT,,,,,,,,,,PUNCT,,,
18147,,,,,,,,,,,,,,,,,
18148,# sent = 1354,,,,,,,,,,,,,,,,
18149,,Легко,ЛЕГКО,PRAEDIC,,,.   _Легко_ - потому что куча,о,к,г,е,л,,PRAEDIC,ЛЕГКО,ADV -,О
18150,,-,-,PUNCT,,,,,,,,,,PUNCT,,,
18151,,потому что,потому что,CONJ,,," Легко - _потому что_ куча средств ,",о,т,ч, ,у,м,CONJ,потому что,CONJ,о
18152,,куча,КУЧА,S f inan nom sg,,,"Легко - потому что _куча_ средств , но",а,ч,у,к,,,S,КУЧА,S f inan nom sg,А
18153,,средств,СРЕДСТВО,S n inan gen pl,,,"- потому что куча _средств_ , но сложно",в,т,с,д,е,р,S,СРЕДСТВО,S n inan gen pl,О
18154,,",",",",PUNCT,,,,,,,,,,PUNCT,,,
18155,,но,НО,CONJ,,,"куча средств , _но_ сложно - потому что",о,н,,,,,CONJ,НО,CONJ,О
18156,,сложно,СЛОЖНО,ADV -,,,"средств , но _сложно_ - потому что ээ",о,н,ж,о,л,с,ADV,СЛОЖНО,ADV -,О
18157,,-,-,PUNCT,,,,,,,,,,PUNCT,,,
18158,,потому что,потому что,CONJ,,,но сложно - _потому что_ ээ … очень,о,т,ч, ,у,м,CONJ,потому что,CONJ,о
18159,,ээ,ЭЭ,NONLEX,distort,,сложно - потому что _ээ_ … очень много,э,э,,,,,NONLEX,ЭЭ,NONLEX,Э
18160,,…,…,PUNCT,,,,,,,,,,PUNCT,,,
18161,,очень,ОЧЕНЬ,ADV -,,,потому что ээ … _очень_ много нужно всего,ь,н,е,ч,о,,ADV,ОЧЕНЬ,ADV -,Ь
18162,,много,МНОГО,ADV -,,,ээ … очень _много_ нужно всего учитывать,о,г,о,н,м,,ADV,МНОГО,ADV -,О
18163,,нужно,НУЖНО,PRAEDIC,,,"… очень много _нужно_ всего учитывать ,",о,н,ж,у,н,,PRAEDIC,НУЖНО,ADV -,О
18164,,всего,ВСЕГО,SPRO - - gen pl,,,"очень много нужно _всего_ учитывать , очень",о,г,е,с,в,,PART,ВСЕГО,PART,О
18165,,учитывать,УЧИТЫВАТЬ,V tran ipf ing act,,,"много нужно всего _учитывать_ , очень много",ь,т,а,в,ы,т,V,УЧИТЫВАТЬ,V ipf - - inf - -,Ь
18166,,",",",",PUNCT,,,,,,,,,,PUNCT,,,
18167,,очень,ОЧЕНЬ,ADV -,,,"всего учитывать , _очень_ много факторов .",ь,н,е,ч,о,,ADV,ОЧЕНЬ,ADV -,Ь
18168,,много,МНОГО,ADV -,,,"учитывать , очень _много_ факторов . ",о,г,о,н,м,,ADV,МНОГО,ADV -,О
18169,,факторов,ФАКТОР,S m inan gen pl,,,", очень много _факторов_ .  ",в,о,р,о,т,к,S,ФАКТОР,S m inan gen pl,Р
18170,,.,.,PUNCT,,,,,,,,,,PUNCT,,,
18171,,,,,,,,,,,,,,,,,
18172,# sent = 1355,,,,,,,,,,,,,,,,
18173,,Поэтому,ПОЭТОМУ,ADV -,,,.   _Поэтому_ музыка в данный,у,м,о,т,э,о,ADV,ПОЭТОМУ,ADV -,У
18174,,музыка,МУЗЫКА,S f inan nom sg,,,  Поэтому _музыка_ в данный момент,а,к,ы,з,у,м,S,МУЗЫКА,S f inan nom sg,А
18175,,в,В,PR,,," Поэтому музыка _в_ данный момент ,",в,,,,,,PR,В,PR,В
18176,,данный,ДАННЫЙ,A - acc sg plen m inan,,,"Поэтому музыка в _данный_ момент , можно",й,ы,н,н,а,д,A,ДАННЫЙ,A - acc sg plen m inan,Й
18177,,момент,МОМЕНТ,S m inan acc sg,,,"музыка в данный _момент_ , можно сказать",т,н,е,м,о,м,S,МОМЕНТ,S m inan acc sg,Т
18178,,",",",",PUNCT,,,,,,,,,,PUNCT,,,
18179,,можно,МОЖНО,PRAEDIC,,,"данный момент , _можно_ сказать , что",о,н,ж,о,м,,PRAEDIC,МОЖНО,PRAEDIC,О
18180,,сказать,СКАЗАТЬ,V tran pf inf act,,,"момент , можно _сказать_ , что она",ь,т,а,з,а,к,V,СКАЗАТЬ,V pf - - inf - -,Ь
18181,,",",",",PUNCT,,,,,,,,,,PUNCT,,,
18182,,что,ЧТО,CONJ,,,"можно сказать , _что_ она в принципе",о,т,ч,,,,CONJ,ЧТО,CONJ,О
18183,,она,ОНА,SPRO sg 3p f nom,,,"сказать , что _она_ в принципе остановилась",а,н,о,,,,SPRO,ОНА,SPRO sg 3p f nom,А
18184,,в,В,PR,,,", что она _в_ принципе остановилась .",в,,,,,,PR,В,PR,В
18185,,принципе,ПРИНЦИП,S m inan loc sg,,,что она в _принципе_ остановилась . ,е,п,и,ц,н,и,S,ПРИНЦИП,S m inan loc sg,П
18186,,остановилась,ОСТАНОВИТЬСЯ,V pf praet sg indic f -,,,она в принципе _остановилась_ .  ,ь,с,а,л,и,в,V,ОСТАНОВИТЬСЯ,V pf praet sg indic f -,Я
18187,,.,.,PUNCT,,,,,,,,,,PUNCT,,,
18188,,,,,,,,,,,,,,,,,
18189,# sent = 1356,,,,,,,,,,,,,,,,
18190,,Ничего,НИЧЕГО,ADV -,,,.   _Ничего_ принци … она,о,г,е,ч,и,н,ADV,НИЧЕГО,ADV -,О
18191,,принци,ПРИНЦИ,NONLEX,distort,,  Ничего _принци_ … она очень,и,ц,н,и,р,п,NONLEX,ПРИНЦИ,S - anim nonflex -,И
18192,,…,…,PUNCT,,,,,,,,,,PUNCT,,,
18193,,она,ОНА,SPRO sg 3p f nom,,,Ничего принци … _она_ очень медленно развивается,а,н,о,,,,SPRO,ОНА,SPRO sg 3p f nom,А
18194,,очень,ОЧЕНЬ,ADV -,,,принци … она _очень_ медленно развивается .,ь,н,е,ч,о,,ADV,ОЧЕНЬ,ADV -,Ь
18195,,медленно,МЕДЛЕННО,ADV -,,,… она очень _медленно_ развивается . ,о,н,н,е,л,д,ADV,МЕДЛЕННО,ADV -,О
18196,,развивается,РАЗВИВАТЬСЯ,V ipf praes sg indic - 3p,,,она очень медленно _развивается_ .  ,я,с,т,е,а,в,V,РАЗВИВАТЬСЯ,V ipf praes sg indic - 3p,Я
18197,,.,.,PUNCT,,,,,,,,,,PUNCT,,,
18198,,,,,,,,,,,,,,,,,
18199,# sent = 1357,,,,,,,,,,,,,,,,
18200,"<distinct form=""",,,,,,,,,,,,,,,,
18201,<dist>,ничо,,,,,,,,,,,,,,,
18202,""">",,,,,,,,,,,,,,,,
18203,,ничего,НИЧЕГО,ADV -,,, ничо  _ничего_  принципиально нового,о,г,е,ч,и,н,ADV,НИЧЕГО,ADV -,О
18204,</distinct>,,,,,,,,,,,,,,,,
18205,,принципиально,ПРИНЦИПИАЛЬНО,ADV -,,, ничего  _принципиально_ нового : как,о,н,ь,л,а,и,ADV,ПРИНЦИПИАЛЬНО,ADV -,О
18206,,нового,НОВЫЙ,A - gen sg plen m anim,,,ничего  принципиально _нового_ : как раньше,о,г,о,в,о,н,A,НОВЫЙ,A - gen sg plen m -,Й
18207,,:,:,PUNCT,,,,,,,,,,PUNCT,,,
18208,,как,КАК,CONJ,,,принципиально нового : _как_ раньше - классицизм,к,а,к,,,,CONJ,КАК,CONJ,К
18209,,раньше,РАНО,ADV comp,,,нового : как _раньше_ - классицизм -,е,ш,ь,н,а,р,ADV,РАНО,ADV comp,О
18210,,-,-,PUNCT,,,,,,,,,,PUNCT,,,
18211,,классицизм,КЛАССИЦИЗМ,S m inan nom sg,,,"как раньше - _классицизм_ - классицизм ,",м,з,и,ц,и,с,S,КЛАССИЦИЗМ,S m inan nom sg,М
18212,,-,-,PUNCT,,,,,,,,,,PUNCT,,,
18213,,классицизм,КЛАССИЦИЗМ,S m inan nom sg,,,"- классицизм - _классицизм_ , потом романтизм",м,з,и,ц,и,с,S,КЛАССИЦИЗМ,S m inan nom sg,М
18214,,",",",",PUNCT,,,,,,,,,,PUNCT,,,
18215,,потом,ПОТОМ,ADV -,,,"- классицизм , _потом_ романтизм появился ,",м,о,т,о,п,,ADV,ПОТОМ,ADV -,М
18216,,романтизм,РОМАНТИЗМ,S m inan nom sg,,,"классицизм , потом _романтизм_ появился , романтизм",м,з,и,т,н,а,S,РОМАНТИЗМ,S m inan nom sg,М
18217,,появился,ПОЯВИТЬСЯ,V pf praet sg indic m -,,,", потом романтизм _появился_ , романтизм был",я,с,л,и,в,я,V,ПОЯВИТЬСЯ,V pf praet sg indic m -,Я
18218,,",",",",PUNCT,,,,,,,,,,PUNCT,,,
18219,,романтизм,РОМАНТИЗМ,S m inan nom sg,,,"романтизм появился , _романтизм_ был , потом",м,з,и,т,н,а,S,РОМАНТИЗМ,S m inan nom sg,М
18220,,был,БЫТЬ,V ipf praet sg indic m -,,,"появился , романтизм _был_ , потом модерн",л,ы,б,,,,V,БЫТЬ,V ipf praet sg indic m -,Ь
18221,,",",",",PUNCT,,,,,,,,,,PUNCT,,,
18222,,потом,ПОТОМ,ADV -,,,"романтизм был , _потом_ модерн появился ,",м,о,т,о,п,,ADV,ПОТОМ,ADV -,М
18223,,модерн,МОДЕРН,S m inan nom sg,,,"был , потом _модерн_ появился , постмодерн",н,р,е,д,о,м,S,МОДЕРН,S m inan nom sg,Н
18224,,появился,ПОЯВИТЬСЯ,V pf praet sg indic m -,,,", потом модерн _появился_ , постмодерн появился",я,с,л,и,в,я,V,ПОЯВИТЬСЯ,V pf praet sg indic m -,Я
18225,,",",",",PUNCT,,,,,,,,,,PUNCT,,,
18226,,постмодерн,ПОСТМОДЕРН,S m inan nom sg,,,"модерн появился , _постмодерн_ появился , Шнидкий",н,р,е,д,о,м,S,ПОСТМОДЕРН,S m inan nom sg,Н
18227,,появился,ПОЯВИТЬСЯ,V pf praet sg indic m -,,,"появился , постмодерн _появился_ , Шнидкий и",я,с,л,и,в,я,V,ПОЯВИТЬСЯ,V pf praet sg indic m -,Я
18228,,",",",",PUNCT,,,,,,,,,,PUNCT,,,
18229,,Шнидкий,ШНИДКИЙ,S anim m nom sg famn,,,"постмодерн появился , _Шнидкий_ и прочие товарищи",й,и,к,д,и,н,S,ШНИДКИЙ,A - acc sg plen m inan,Й
18230,,и,И,CONJ,,,"появился , Шнидкий _и_ прочие товарищи .",и,,,,,,CONJ,И,CONJ,И
18231,,прочие,ПРОЧИЙ,A - nom pl plen - -,,,", Шнидкий и _прочие_ товарищи . ",е,и,ч,о,р,п,A,ПРОЧИЙ,A - nom pl plen - -,Й
18232,,товарищи,ТОВАРИЩ,S m anim nom pl,,,Шнидкий и прочие _товарищи_ .  ,и,щ,и,р,а,в,S,ТОВАРИЩ,S m anim nom pl,Щ
18233,,.,.,PUNCT,,,,,,,,,,PUNCT,,,
18234,,,,,,,,,,,,,,,,,
18235,# sent = 1358,,,,,,,,,,,,,,,,
18236,"<distinct form=""",,,,,,,,,,,,,,,,
18237,<dist>,щас,СЕЙЧАС,,,,,,,,,,,,,,
18238,""">",,,,,,,,,,,,,,,,
18239,,сейчас,СЕЙЧАС,ADV -,,, щас  _сейчас_  такого нет,с,а,ч,й,е,с,ADV,СЕЙЧАС,ADV -,С
18240,</distinct>,,,,,,,,,,,,,,,,
18241,,такого,ТАКОЙ,APRO - gen sg plen m -,,, сейчас  _такого_ нет . ,о,г,о,к,а,т,APRO,ТАКОЙ,A - gen sg plen m -,Й
18242,,нет,НЕТ,PART,,,сейчас  такого _нет_ .  ,т,е,н,,,,PART,НЕТ,PART,Т
18243,,.,.,PUNCT,,,,,,,,,,PUNCT,,,
18244,,,,,,,,,,,,,,,,,
18245,# sent = 1359,,,,,,,,,,,,,,,,
18246,"<distinct form=""",,,,,,,,,,,,,,,,
18247,<dist>,щас,СЕЙЧАС,,,,,,,,,,,,,,
18248,""">",,,,,,,,,,,,,,,,
18249,,сейчас,СЕЙЧАС,ADV -,,, щас  _сейчас_  ничто принципиально,с,а,ч,й,е,с,ADV,СЕЙЧАС,ADV -,С
18250,</distinct>,,,,,,,,,,,,,,,,
18251,,ничто,НИЧТО,SPRO n inan nom sg,,, сейчас  _ничто_ принципиально нового не,о,т,ч,и,н,,SPRO,НИЧТО,S n - nom sg,О
18252,,принципиально,ПРИНЦИПИАЛЬНО,ADV -,,,сейчас  ничто _принципиально_ нового не появляется,о,н,ь,л,а,и,ADV,ПРИНЦИПИАЛЬНО,ADV -,О
18253,,нового,НОВЫЙ,A - acc sg plen m anim,,, ничто принципиально _нового_ не появляется .,о,г,о,в,о,н,A,НОВЫЙ,A - acc sg plen m anim,Й
18254,,не,НЕ,PART,,,ничто принципиально нового _не_ появляется . ,е,н,,,,,PART,НЕ,PART,Е
18255,,появляется,ПОЯВЛЯТЬСЯ,V ipf praes sg indic - 3p,,,принципиально нового не _появляется_ .  ,я,с,т,е,я,л,V,ПОЯВЛЯТЬСЯ,V ipf praes sg indic - 3p,Я
18256,,.,.,PUNCT,,,,,,,,,,PUNCT,,,
18257,,,,,,,,,,,,,,,,,
18258,# sent = 1360,,,,,,,,,,,,,,,,
18259,,Вот,ВОТ,PART,,,.   _Вот_ … иии …,т,о,в,,,,PART,ВОТ,PART,Т
18260,,…,…,PUNCT,,,,,,,,,,PUNCT,,,
18261,,иии,И,CONJ,distort,, Вот … _иии_ … еще принципиальное,и,и,и,,,,CONJ,ИИИ,S f anim nom sg,И
18262,,…,…,PUNCT,,,,,,,,,,PUNCT,,,
18263,,еще,ЕЩЕ,PART,,,"… иии … _еще_ принципиальное изменение ,",е,щ,е,,,,ADV,ЕЩЕ,ADV -,Е
18264,,принципиальное,ПРИНЦИПИАЛЬНЫЙ,A - nom sg plen n -,,,"иии … еще _принципиальное_ изменение , которое",е,о,н,ь,л,а,A,ПРИНЦИПИАЛЬНЫЙ,A - nom sg plen n -,Й
18265,,изменение,ИЗМЕНЕНИЕ,S n inan nom sg,,,"… еще принципиальное _изменение_ , которое произошло",е,и,н,е,н,е,S,ИЗМЕНЕНИЕ,S n inan nom sg,Е
18266,,",",",",PUNCT,,,,,,,,,,PUNCT,,,
18267,,которое,КОТОРЫЙ,APRO - nom sg plen n -,,,"принципиальное изменение , _которое_ произошло с начала",е,о,р,о,т,о,APRO,КОТОРЫЙ,A - nom sg plen n -,Й
18268,,произошло,ПРОИЗОЙТИ,V pf praet sg indic n -,,,"изменение , которое _произошло_ с начала ХХ",о,л,ш,о,з,и,V,ПРОИЗОЙТИ,V pf praet sg indic n -,И
18269,,с,С,PR,,,", которое произошло _с_ начала ХХ века",с,,,,,,PR,С,PR,С
18270,,начала,НАЧАЛО,S n inan gen sg,,,которое произошло с _начала_ ХХ века .,а,л,а,ч,а,н,S,НАЧАЛО,S n inan gen sg,О
18271,,ХХ,ХХ,ANUM ciph,,,произошло с начала _ХХ_ века . ,х,х,,,,,NONLEX,ХХ,NONLEX,Х
18272,,века,ВЕК,S m inan gen sg,,,с начала ХХ _века_ .  ,а,к,е,в,,,S,ВЕК,S m inan gen sg,К
18273,,.,.,PUNCT,,,,,,,,,,PUNCT,,,
18274,,,,,,,,,,,,,,,,,
18275,# sent = 1361,,,,,,,,,,,,,,,,
18276,,Если,ЕСЛИ,CONJ,,,.   _Если_ раньше музыку писали,и,л,с,е,,,CONJ,ЕСЛИ,CONJ,И
18277,,раньше,РАНО,ADV comp,,,  Если _раньше_ музыку писали для,е,ш,ь,н,а,р,ADV,РАНО,ADV comp,О
18278,,музыку,МУЗЫКА,S f inan acc sg,,, Если раньше _музыку_ писали для аристократов,у,к,ы,з,у,м,S,МУЗЫКА,S f inan acc sg,А
18279,,писали,ПИСАТЬ,V ipf praet pl indic - -,,,"Если раньше музыку _писали_ для аристократов ,",и,л,а,с,и,п,V,ПИСАТЬ,V ipf praet pl indic - -,Ь
18280,,для,ДЛЯ,PR,,,"раньше музыку писали _для_ аристократов , потому что",я,л,д,,,,PR,ДЛЯ,PR,Я
18281,,аристократов,АРИСТОКРАТ,S m anim gen pl,,,"музыку писали для _аристократов_ , потому что только",в,о,т,а,р,к,S,АРИСТОКРАТ,S m anim gen pl,Т
18282,,",",",",PUNCT,,,,,,,,,,PUNCT,,,
18283,,потому что,потому что,CONJ,,,"для аристократов , _потому что_ только они могли",о,т,ч, ,у,м,CONJ,потому что,CONJ,о
18284,,только,ТОЛЬКО,PART,,,"аристократов , потому что _только_ они могли за",о,к,ь,л,о,т,PART,ТОЛЬКО,PART,О
18285,,они,ОНИ,SPRO pl - - nom,,,", потому что только _они_ могли за это",и,н,о,,,,SPRO,ОНИ,SPRO pl - - nom,И
18286,,могли,МОЧЬ,V ipf praet pl indic - -,,,потому что только они _могли_ за это платить,и,л,г,о,м,,V,МОЧЬ,V ipf praet pl indic - -,Ь
18287,,за,ЗА,PR,,,только они могли _за_ это платить .,а,з,,,,,PR,ЗА,PR,А
18288,,это,ЭТО,SPRO n - acc sg,,,они могли за _это_ платить . ,о,т,э,,,,SPRO,ЭТО,S n - acc sg,О
18289,,платить,ПЛАТИТЬ,V ipf - - inf - -,,,могли за это _платить_ .  ,ь,т,и,т,а,л,V,ПЛАТИТЬ,V ipf - - inf - -,Ь
18290,,.,.,PUNCT,,,,,,,,,,PUNCT,,,
18291,,,,,,,,,,,,,,,,,
18292,# sent = 1362,,,,,,,,,,,,,,,,
18293,"<distinct form=""",,,,,,,,,,,,,,,,
18294,<dist>,щас,СЕЙЧАС,,,,,,,,,,,,,,
18295,""">",,,,,,,,,,,,,,,,
18296,,сейчас,СЕЙЧАС,ADV -,,, щас  _сейчас_  достаток у,с,а,ч,й,е,с,ADV,СЕЙЧАС,ADV -,С
18297,</distinct>,,,,,,,,,,,,,,,,
18298,,достаток,ДОСТАТОК,S m inan nom sg,,, сейчас  _достаток_ у большинства людей,к,о,т,а,т,с,S,ДОСТАТОК,S m inan acc sg,К
18299,,у,У,PR,,,сейчас  достаток _у_ большинства людей повысился,у,,,,,,PR,У,PR,У
18300,,большинства,БОЛЬШИНСТВО,S n inan gen sg,,, достаток у _большинства_ людей повысился и,а,в,т,с,н,и,S,БОЛЬШИНСТВО,S n inan gen sg,О
18301,,людей,ЧЕЛОВЕК,S m anim gen pl,,,достаток у большинства _людей_ повысился и музыка,й,е,д,ю,л,,S,ЧЕЛОВЕК,S m anim gen pl,К
18302,,повысился,ПОВЫСИТЬСЯ,V pf praet sg indic m -,,,у большинства людей _повысился_ и музыка пишется,я,с,л,и,с,ы,V,ПОВЫСИТЬСЯ,V pf praet sg indic m -,Я
18303,,и,И,CONJ,,,большинства людей повысился _и_ музыка пишется в,и,,,,,,CONJ,И,CONJ,И
18304,,музыка,МУЗЫКА,S f inan nom sg,,,людей повысился и _музыка_ пишется в основном,а,к,ы,з,у,м,S,МУЗЫКА,S f inan nom sg,А
18305,,пишется,ПИСАТЬСЯ,V ipf praes sg indic - 3p,,,повысился и музыка _пишется_ в основном для,я,с,т,е,ш,и,V,ПИСАТЬСЯ,V ipf praes sg indic - 3p,Я
18306,,в,В,PR,,,и музыка пишется _в_ основном для масс,в,,,,,,PR,В,PR,В
18307,,основном,ОСНОВНОЙ,A - loc sg plen m -,,,"музыка пишется в _основном_ для масс ,",м,о,н,в,о,н,A,ОСНОВНОЙ,A - loc sg plen m -,Й
18308,,для,ДЛЯ,PR,,,"пишется в основном _для_ масс , для",я,л,д,,,,PR,ДЛЯ,PR,Я
18309,,масс,МАССА,S f inan gen pl,,,"в основном для _масс_ , для массового",с,с,а,м,,,S,МАССА,S f inan gen pl,А
18310,,",",",",PUNCT,,,,,,,,,,PUNCT,,,
18311,,для,ДЛЯ,PR,,,"для масс , _для_ массового потребителя .",я,л,д,,,,PR,ДЛЯ,PR,Я
18312,,массового,МАССОВЫЙ,A - gen sg plen m -,,,"масс , для _массового_ потребителя . ",о,г,о,в,о,с,A,МАССОВЫЙ,A - gen sg plen m -,Й
18313,,потребителя,ПОТРЕБИТЕЛЬ,S m anim gen sg,,,", для массового _потребителя_ .  ",я,л,е,т,и,б,S,ПОТРЕБИТЕЛЬ,S m anim gen sg,Ь
18314,,.,.,PUNCT,,,,,,,,,,PUNCT,,,
18315,,,,,,,,,,,,,,,,,
18316,# sent = 1363,,,,,,,,,,,,,,,,
18317,,Для,ДЛЯ,PR,,,.   _Для_ него ничего принципиально,я,л,д,,,,PR,ДЛЯ,PR,Я
18318,,него,ОН,SPRO sg 3p m acc,,,  Для _него_ ничего принципиально нового,о,г,е,н,,,SPRO,ОН,SPRO sg 3p m acc,Н
18319,,ничего,НИЧТО,SPRO n inan gen sg,,, Для него _ничего_ принципиально нового не,о,г,е,ч,и,н,SPRO,НИЧТО,S n - gen sg,О
18320,,принципиально,ПРИНЦИПИАЛЬНО,ADV -,,,Для него ничего _принципиально_ нового не нужно,о,н,ь,л,а,и,ADV,ПРИНЦИПИАЛЬНО,ADV -,О
18321,,нового,НОВЫЙ,A - acc sg plen m anim,,,него ничего принципиально _нового_ не нужно .,о,г,о,в,о,н,A,НОВЫЙ,A - acc sg plen m anim,Й
18322,,не,НЕ,PART,,,ничего принципиально нового _не_ нужно . ,е,н,,,,,PART,НЕ,PART,Е
18323,,нужно,НУЖНО,PRAEDIC,,,принципиально нового не _нужно_ .  ,о,н,ж,у,н,,PRAEDIC,НУЖНО,ADV -,О
18324,,.,.,PUNCT,,,,,,,,,,PUNCT,,,
18325,,,,,,,,,,,,,,,,,
18326,# sent = 1364,,,,,,,,,,,,,,,,
18327,,У,У,PR,,,".   _У_ массового потребителя ,",у,,,,,,PR,У,PR,У
18328,,массового,МАССОВЫЙ,A - gen sg plen m -,,,"  У _массового_ потребителя , у",о,г,о,в,о,с,A,МАССОВЫЙ,A - gen sg plen m -,Й
18329,,потребителя,ПОТРЕБИТЕЛЬ,S m anim gen sg,,," У массового _потребителя_ , у него",я,л,е,т,и,б,S,ПОТРЕБИТЕЛЬ,S m anim gen sg,Ь
18330,,",",",",PUNCT,,,,,,,,,,PUNCT,,,
18331,,у,У,PR,,,"массового потребителя , _у_ него  нету",у,,,,,,PR,У,PR,У
18332,,него,ОН,SPRO sg 3p m acc,,,"потребителя , у _него_  нету ",о,г,е,н,,,SPRO,ОН,SPRO sg 3p m acc,Н
18333,"<distinct form=""",,,,,,,,,,,,,,,,
18334,<dist>,нету,,,,,,,,,,,,,,,
18335,""">",,,,,,,,,,,,,,,,
18336,,нет,НЕТ,PART,,," нету  _нет_  , как",т,е,н,,,,PART,НЕТ,PART,Т
18337,</distinct>,,,,,,,,,,,,,,,,
18338,,",",",",PUNCT,,,,,,,,,,PUNCT,,,
18339,,как,КАК,PARENTH,,,"нет  , _как_ правило , культурный",к,а,к,,,,CONJ,КАК,CONJ,К
18340,,правило,ПРАВИЛО,PARENTH,,," , как _правило_ , культурный уровень",о,л,и,в,а,р,S,ПРАВИЛО,S n inan nom sg,О
18341,,",",",",PUNCT,,,,,,,,,,PUNCT,,,
18342,,культурный,КУЛЬТУРНЫЙ,A - nom sg plen m -,,,"как правило , _культурный_ уровень у него",й,ы,н,р,у,т,A,КУЛЬТУРНЫЙ,A - nom sg plen m -,Й
18343,,уровень,УРОВЕНЬ,S m inan nom sg,,,"правило , культурный _уровень_ у него невысокий",ь,н,е,в,о,р,S,УРОВЕНЬ,S m inan nom sg,Ь
18344,,у,У,PR,,,", культурный уровень _у_ него невысокий .",у,,,,,,PR,У,PR,У
18345,,него,ОН,SPRO sg 3p m acc,,,культурный уровень у _него_ невысокий . ,о,г,е,н,,,SPRO,ОН,SPRO sg 3p m acc,Н
18346,,невысокий,НЕВЫСОКИЙ,A - nom sg plen m -,,,уровень у него _невысокий_ .  ,й,и,к,о,с,ы,A,НЕВЫСОКИЙ,A - nom sg plen m -,Й
18347,,.,.,PUNCT,,,,,,,,,,PUNCT,,,
18348,,,,,,,,,,,,,,,,,
18349,# sent = 1365,,,,,,,,,,,,,,,,
18350,,У,У,PR,,,.   _У_ него  нету,у,,,,,,PR,У,PR,У
18351,,него,ОН,SPRO sg 3p m acc,,,  У _него_  нету ,о,г,е,н,,,SPRO,ОН,SPRO sg 3p m acc,Н
18352,"<distinct form=""",,,,,,,,,,,,,,,,
18353,<dist>,нету,,,,,,,,,,,,,,,
18354,""">",,,,,,,,,,,,,,,,
18355,,нет,НЕТ,PART,,, нету  _нет_  культурной памяти,т,е,н,,,,PART,НЕТ,PART,Т
18356,</distinct>,,,,,,,,,,,,,,,,
18357,,культурной,КУЛЬТУРНЫЙ,A - gen sg plen f -,,, нет  _культурной_ памяти . ,й,о,н,р,у,т,A,КУЛЬТУРНЫЙ,A - gen sg plen f -,Й
18358,,памяти,ПАМЯТЬ,S f inan gen sg,,,нет  культурной _памяти_ .  ,и,т,я,м,а,п,S,ПАМЯТЬ,S f inan gen sg,Ь
18359,,.,.,PUNCT,,,,,,,,,,PUNCT,,,
18360,,,,,,,,,,,,,,,,,
18361,# sent = 1366,,,,,,,,,,,,,,,,
18362,,Он,ОН,SPRO sg 3p m nom,,,.   _Он_ не может сказать,н,о,,,,,SPRO,ОН,SPRO sg 3p m nom,Н
18363,,не,НЕ,PART,,,  Он _не_ может сказать :,е,н,,,,,PART,НЕ,PART,Е
18364,,может,МОЧЬ,V ipf praes sg indic - 3p,,, Он не _может_ сказать : «,т,е,ж,о,м,,V,МОЧЬ,V ipf praes sg indic - 3p,Ь
18365,,сказать,СКАЗАТЬ,V tran pf inf act,,,Он не может _сказать_ : « А,ь,т,а,з,а,к,V,СКАЗАТЬ,V pf - - inf - -,Ь
18366,,:,:,PUNCT,,,,,,,,,,PUNCT,,,
18367,,«,«,PUNCT,,,,,,,,,,PUNCT,,,
18368,,А,А,INTJ,,,сказать : « _А_ это уже было,а,,,,,,CONJ,А,CONJ,А
18369,,это,ЭТО,SPRO n - nom sg,,,: « А _это_ уже было там,о,т,э,,,,SPRO,ЭТО,S n - nom sg,О
18370,,уже,УЖЕ,PART,,,« А это _уже_ было там 10,е,ж,у,,,,ADV,УЖЕ,ADV -,Е
18371,,было,БЫТЬ,V ipf praet sg indic n -,,,А это уже _было_ там 10 лет,о,л,ы,б,,,V,БЫТЬ,V ipf praet sg indic n -,Ь
18372,,там,ТАМ,ADV -,,,это уже было _там_ 10 лет назад,м,а,т,,,,ADV,ТАМ,ADV -,М
18373,,10,10,NUM ciph,,,"уже было там _10_ лет назад ,",0,1,,,,,NUM,10,NUM - - -,0
18374,,лет,ГОД,S m inan gen pl,,,"было там 10 _лет_ назад , это",т,е,л,,,,S,ГОД,S m inan gen pl,Д
18375,,назад,НАЗАД,ADV -,,,"там 10 лет _назад_ , это уже",д,а,з,а,н,,ADV,НАЗАД,ADV -,Д
18376,,",",",",PUNCT,,,,,,,,,,PUNCT,,,
18377,,это,ЭТО,SPRO n - nom sg,,,"лет назад , _это_ уже писали »",о,т,э,,,,SPRO,ЭТО,S n - nom sg,О
18378,,уже,УЖЕ,PART,,,"назад , это _уже_ писали » ,",е,ж,у,,,,ADV,УЖЕ,ADV -,Е
18379,,писали,ПИСАТЬ,V ipf praet pl indic - -,,,", это уже _писали_ » , ему",и,л,а,с,и,п,V,ПИСАТЬ,V ipf praet pl indic - -,Ь
18380,,»,»,PUNCT,,,,,,,,,,PUNCT,,,
18381,,",",",",PUNCT,,,,,,,,,,PUNCT,,,
18382,,ему,ОН,SPRO sg 3p m dat,,,"писали » , _ему_ это не очень",у,м,е,,,,SPRO,ОН,SPRO sg 3p m dat,Н
18383,,это,ЭТО,SPRO n - nom sg,,,"» , ему _это_ не очень интересно",о,т,э,,,,SPRO,ЭТО,S n - nom sg,О
18384,,не,НЕ,PART,,,", ему это _не_ очень интересно ,",е,н,,,,,PART,НЕ,PART,Е
18385,,очень,ОЧЕНЬ,ADV -,,,"ему это не _очень_ интересно , он",ь,н,е,ч,о,,ADV,ОЧЕНЬ,ADV -,Ь
18386,,интересно,ИНТЕРЕСНО,ADV -,,,"это не очень _интересно_ , он не",о,н,с,е,р,е,ADV,ИНТЕРЕСНО,ADV -,О
18387,,",",",",PUNCT,,,,,,,,,,PUNCT,,,
18388,,он,ОН,SPRO sg 3p m nom,,,"очень интересно , _он_ не знает об",н,о,,,,,SPRO,ОН,SPRO sg 3p m nom,Н
18389,,не,НЕ,PART,,,"интересно , он _не_ знает об этом",е,н,,,,,PART,НЕ,PART,Е
18390,,знает,ЗНАТЬ,V ipf praes sg indic - 3p,,,", он не _знает_ об этом .",т,е,а,н,з,,V,ЗНАТЬ,V ipf praes sg indic - 3p,Ь
18391,,об,ОБ,PR,,,он не знает _об_ этом . ,б,о,,,,,PR,ОБ,PR,Б
18392,,этом,ЭТО,SPRO n - loc sg,,,не знает об _этом_ .  ,м,о,т,э,,,SPRO,ЭТО,S n - loc sg,О
18393,,.,.,PUNCT,,,,,,,,,,PUNCT,,,
18394,,,,,,,,,,,,,,,,,
18395,# sent = 1367,,,,,,,,,,,,,,,,
18396,,Он,ОН,SPRO sg 3p m nom,,,.   _Он_ слышит что-то из,н,о,,,,,SPRO,ОН,SPRO sg 3p m nom,Н
18397,,слышит,СЛЫШАТЬ,V ipf praes sg indic - 3p,,,  Он _слышит_ что-то из приемника,т,и,ш,ы,л,с,V,СЛЫШАТЬ,V ipf praes sg indic - 3p,Ь
18398,,что-то,ЧТО-ТО,SPRO n inan acc sg,,, Он слышит _что-то_ из приемника по,о,т,-,о,т,ч,SPRO,ЧТО-ТО,S n - acc sg,О
18399,,из,ИЗ,PR,,,Он слышит что-то _из_ приемника по радио,з,и,,,,,PR,ИЗ,PR,З
18400,,приемника,ПРИЕМНИК,S m inan acc sg,,,"слышит что-то из _приемника_ по радио ,",а,к,и,н,м,е,S,ПРИЕМНИК,S f inan acc sg,К
18401,,по,ПО,PR,,,"что-то из приемника _по_ радио , он",о,п,,,,,PR,ПО,PR,О
18402,,радио,РАДИО,S n inan dat sg,,,"из приемника по _радио_ , он слышит",о,и,д,а,р,,S,РАДИО,S n inan nonflex -,О
18403,,",",",",PUNCT,,,,,,,,,,PUNCT,,,
18404,,он,ОН,SPRO sg 3p m nom,,,"по радио , _он_ слышит что-то в",н,о,,,,,SPRO,ОН,SPRO sg 3p m nom,Н
18405,,слышит,СЛЫШАТЬ,V ipf praes sg indic - 3p,,,"радио , он _слышит_ что-то в интернете",т,и,ш,ы,л,с,V,СЛЫШАТЬ,V ipf praes sg indic - 3p,Ь
18406,,что-то,ЧТО-ТО,SPRO n inan acc sg,,,", он слышит _что-то_ в интернете ,",о,т,-,о,т,ч,SPRO,ЧТО-ТО,S n - acc sg,О
18407,,в,В,PR,,,"он слышит что-то _в_ интернете , по",в,,,,,,PR,В,PR,В
18408,,интернете,ИНТЕРНЕТ,S m inan loc sg,,,"слышит что-то в _интернете_ , по телевизору",е,т,е,н,р,е,S,ИНТЕРНЕТ,S m inan loc sg,Т
18409,,",",",",PUNCT,,,,,,,,,,PUNCT,,,
18410,,по,ПО,PR,,,"в интернете , _по_ телевизору и если",о,п,,,,,PR,ПО,PR,О
18411,,телевизору,ТЕЛЕВИЗОР,S m inan dat sg,,,"интернете , по _телевизору_ и если это",у,р,о,з,и,в,S,ТЕЛЕВИЗОР,S m inan dat sg,Р
18412,,и,И,CONJ,,,", по телевизору _и_ если это как-то",и,,,,,,CONJ,И,CONJ,И
18413,,если,ЕСЛИ,CONJ,,,по телевизору и _если_ это как-то с,и,л,с,е,,,CONJ,ЕСЛИ,CONJ,И
18414,,это,ЭТО,SPRO n - nom sg,,,телевизору и если _это_ как-то с его,о,т,э,,,,SPRO,ЭТО,S n - nom sg,О
18415,,как-то,КАК-ТО,ADV -,,,и если это _как-то_ с его минимальными,о,т,-,к,а,к,ADV,КАК-ТО,ADV -,О
18416,,с,С,PR,,,если это как-то _с_ его минимальными запросами,с,,,,,,PR,С,PR,С
18417,,его,ЕГО,APRO,,,это как-то с _его_ минимальными запросами культурными,о,г,е,,,,APRO,ЕГО,A - nonflex - plen - -,О
18418,,минимальными,МИНИМАЛЬНЫЙ,A - ins pl plen - -,,,как-то с его _минимальными_ запросами культурными сходится,и,м,ы,н,ь,л,A,МИНИМАЛЬНЫЙ,A - ins pl plen - -,Й
18419,,запросами,ЗАПРОС,S m inan ins pl,,,"с его минимальными _запросами_ культурными сходится ,",и,м,а,с,о,р,S,ЗАПРОС,S m inan ins pl,С
18420,,культурными,КУЛЬТУРНЫЙ,A - ins pl plen - -,,,"его минимальными запросами _культурными_ сходится , значит",и,м,ы,н,р,у,A,КУЛЬТУРНЫЙ,A - ins pl plen - -,Й
18421,,сходится,СХОДИТЬСЯ,V ipf praes sg indic - 3p,,,"минимальными запросами культурными _сходится_ , значит ,",я,с,т,и,д,о,V,СХОДИТЬСЯ,V ipf praes sg indic - 3p,Я
18422,,",",",",PUNCT,,,,,,,,,,PUNCT,,,
18423,,значит,ЗНАЧИТ,PARENTH,,,"культурными сходится , _значит_ , ему это",т,и,ч,а,н,з,ADV,ЗНАЧИТ,ADV -,Т
18424,,",",",",PUNCT,,,,,,,,,,PUNCT,,,
18425,,ему,ОН,SPRO sg 3p m dat,,,", значит , _ему_ это заходит .",у,м,е,,,,SPRO,ОН,SPRO sg 3p m dat,Н
18426,,это,ЭТО,SPRO n - nom sg,,,"значит , ему _это_ заходит . ",о,т,э,,,,SPRO,ЭТО,S n - nom sg,О
18427,,заходит,ЗАХОДИТЬ,V ipf praes sg indic - 3p,,,", ему это _заходит_ .  ",т,и,д,о,х,а,V,ЗАХОДИТЬ,V ipf praes sg indic - 3p,Ь
18428,,.,.,PUNCT,,,,,,,,,,PUNCT,,,
18429,,,,,,,,,,,,,,,,,
18430,# sent = 1368,,,,,,,,,,,,,,,,
18431,,Вот,ВОТ,PART,,,.   _Вот_ .  ,т,о,в,,,,PART,ВОТ,PART,Т
18432,,.,.,PUNCT,,,,,,,,,,PUNCT,,,
18433,,,,,,,,,,,,,,,,,
18434,# sent = 1369,,,,,,,,,,,,,,,,
18435,,С,С,PR,,,.   _С_ этим связан успех,с,,,,,,PR,С,PR,С
18436,,этим,ЭТО,SPRO n - ins sg,,,  С _этим_ связан успех группы,м,и,т,э,,,SPRO,ЭТО,S n - ins sg,О
18437,,связан,СВЯЗАННЫЙ,A - - sg brev m -,,, С этим _связан_ успех группы «,н,а,з,я,в,с,A,СВЯЗАННЫЙ,A - - sg brev m -,Й
18438,,успех,УСПЕХ,S m inan nom sg,,,С этим связан _успех_ группы « Ленинград,х,е,п,с,у,,S,УСПЕХ,S m inan nom sg,Х
18439,,группы,ГРУППА,S f inan gen sg,,,этим связан успех _группы_ « Ленинград »,ы,п,п,у,р,г,S,ГРУППА,S f inan gen sg,А
18440,,«,«,PUNCT,,,,,,,,,,PUNCT,,,
18441,,Ленинград,ЛЕНИНГРАД,S m inan nom sg,,,"успех группы « _Ленинград_ » , например",д,а,р,г,н,и,S,ЛЕНИНГРАД,S m inan acc sg,Д
18442,,»,»,PUNCT,,,,,,,,,,PUNCT,,,
18443,,",",",",PUNCT,,,,,,,,,,PUNCT,,,
18444,,например,НАПРИМЕР,PARENTH,,,"Ленинград » , _например_ , современной .",р,е,м,и,р,п,ADV,НАПРИМЕР,ADV -,Р
18445,,",",",",PUNCT,,,,,,,,,,PUNCT,,,
18446,,современной,СОВРЕМЕННЫЙ,A - gen sg plen f -,,,", например , _современной_ .  ",й,о,н,н,е,м,A,СОВРЕМЕННЫЙ,A - gen sg plen f -,Й
18447,,.,.,PUNCT,,,,,,,,,,PUNCT,,,
18448,,,,,,,,,,,,,,,,,
18449,# sent = 1370,,,,,,,,,,,,,,,,
18450,"<distinct form=""",,,,,,,,,,,,,,,,
18451,<dist>,оч,ОЧЕНЬ,,distort,,,,,,,,,,,,
18452,""">",,,,,,,,,,,,,,,,
18453,,очень,ОЧЕНЬ,ADV -,,," оч  _очень_  смешно ,",ь,н,е,ч,о,,ADV,ОЧЕНЬ,ADV -,Ь
18454,</distinct>,,,,,,,,,,,,,,,,
18455,,смешно,СМЕШНО,ADV -,,," очень  _смешно_ , что сам",о,н,ш,е,м,с,ADV,СМЕШНО,ADV -,О
18456,,",",",",PUNCT,,,,,,,,,,PUNCT,,,
18457,,что,ЧТО,CONJ,,," смешно , _что_ сам Сергей Шнуров",о,т,ч,,,,CONJ,ЧТО,CONJ,О
18458,,сам,САМ,A - nom sg plen m -,,,"смешно , что _сам_ Сергей Шнуров по поводу",м,а,с,,,,A,САМ,A - nom sg plen m -,М
18459,,Сергей,СЕРГЕЙ,S m anim nom sg,,,", что сам _Сергей_ Шнуров по поводу успеха",й,е,г,р,е,с,S,СЕРГЕЙ,S m anim nom sg,Й
18460,,Шнуров,ШНУРОВ,S m anim nom sg famn,,,что сам Сергей _Шнуров_ по поводу успеха своей,в,о,р,у,н,ш,S,ШНУРОВ,S m anim nom sg,В
18461,,по поводу,по поводу,PR,,,сам Сергей Шнуров _по поводу_ успеха своей группы,у,д,о,в,о,п,PR,по поводу,PR,у
18462,,успеха,УСПЕХ,S m inan gen sg,,,Сергей Шнуров по поводу _успеха_ своей группы говорит,а,х,е,п,с,у,S,УСПЕХ,S m inan gen sg,Х
18463,,своей,СВОЙ,APRO - gen sg plen f -,,,"Шнуров по поводу успеха _своей_ группы говорит ,",й,е,о,в,с,,APRO,СВОЙ,A - gen sg plen f -,Й
18464,,группы,ГРУППА,S f inan gen sg,,,"по поводу успеха своей _группы_ говорит , что",ы,п,п,у,р,г,S,ГРУППА,S f inan gen sg,А
18465,,говорит,ГОВОРИТЬ,V ipf praes sg indic - 3p,,,"успеха своей группы _говорит_ , что он",т,и,р,о,в,о,V,ГОВОРИТЬ,V ipf praes sg indic - 3p,Ь
18466,,",",",",PUNCT,,,,,,,,,,PUNCT,,,
18467,,что,ЧТО,CONJ,,,"группы говорит , _что_ он очень сожалеет",о,т,ч,,,,CONJ,ЧТО,CONJ,О
18468,,он,ОН,SPRO sg 3p m nom,,,"говорит , что _он_ очень сожалеет о",н,о,,,,,SPRO,ОН,SPRO sg 3p m nom,Н
18469,,очень,ОЧЕНЬ,ADV -,,,", что он _очень_ сожалеет о низком",ь,н,е,ч,о,,ADV,ОЧЕНЬ,ADV -,Ь
18470,,сожалеет,СОЖАЛЕТЬ,V ipf praes sg indic - 3p,,,что он очень _сожалеет_ о низком культурном,т,е,е,л,а,ж,V,СОЖАЛЕТЬ,V ipf praes sg indic - 3p,Ь
18471,,о,О,PR,,,он очень сожалеет _о_ низком культурном уровне,о,,,,,,PR,О,PR,О
18472,,низком,НИЗКИЙ,A - loc sg plen m -,,,очень сожалеет о _низком_ культурном уровне людей,м,о,к,з,и,н,A,НИЗКИЙ,A - loc sg plen m -,Й
18473,,культурном,КУЛЬТУРНЫЙ,A - ins sg plen m,,,"сожалеет о низком _культурном_ уровне людей ,",м,о,н,р,у,т,A,КУЛЬТУРНЫЙ,A - loc sg plen m -,Й
18474,,уровне,УРОВЕНЬ,S m inan loc sg,,,"о низком культурном _уровне_ людей , и",е,н,в,о,р,у,S,УРОВЕНЬ,S m inan loc sg,Ь
18475,,людей,ЧЕЛОВЕК,S m anim gen pl,,,"низком культурном уровне _людей_ , и говорит",й,е,д,ю,л,,S,ЧЕЛОВЕК,S m anim gen pl,К
18476,,",",",",PUNCT,,,,,,,,,,PUNCT,,,
18477,,и,И,CONJ,,,"уровне людей , _и_ говорит , что",и,,,,,,CONJ,И,CONJ,И
18478,,говорит,ГОВОРИТЬ,V ipf praes sg indic - 3p,,,"людей , и _говорит_ , что …",т,и,р,о,в,о,V,ГОВОРИТЬ,V ipf praes sg indic - 3p,Ь
18479,,",",",",PUNCT,,,,,,,,,,PUNCT,,,
18480,,что,ЧТО,CONJ,,,"и говорит , _что_ …  ",о,т,ч,,,,CONJ,ЧТО,CONJ,О
18481,,…,…,PUNCT,,,,,,,,,,PUNCT,,,
18482,,,,,,,,,,,,,,,,,
18483,# sent = 1371,,,,,,,,,,,,,,,,
18484,,«,«,PUNCT,,,,,,,,,,PUNCT,,,
18485,,то,ТО,SPRO n - acc sg,,,"  « _то_ , что я",о,т,,,,,SPRO,ТО,S n inan acc sg,О
18486,,",",",",PUNCT,,,,,,,,,,PUNCT,,,
18487,,что,ЧТО,CONJ,,,"« то , _что_ я популярен ,",о,т,ч,,,,CONJ,ЧТО,CONJ,О
18488,,я,Я,SPRO sg 1p - nom,,,"то , что _я_ популярен , хорошо",я,,,,,,SPRO,Я,SPRO sg 1p - nom,Я
18489,,популярен,ПОПУЛЯРНЫЙ,A - - sg brev m -,,,", что я _популярен_ , хорошо ,",н,е,р,я,л,у,A,ПОПУЛЯРНЫЙ,A - - sg brev m -,Й
18490,,",",",",PUNCT,,,,,,,,,,PUNCT,,,
18491,,хорошо,ХОРОШО,ADV -,,,"я популярен , _хорошо_ , » -",о,ш,о,р,о,х,ADV,ХОРОШО,ADV -,О
18492,,",",",",PUNCT,,,,,,,,,,PUNCT,,,
18493,,»,»,PUNCT,,,,,,,,,,PUNCT,,,
18494,,-,-,PUNCT,,,,,,,,,,PUNCT,,,
18495,,говорит,ГОВОРИТЬ,V ipf praes sg indic - 3p,,,", » - _говорит_ , - «",т,и,р,о,в,о,V,ГОВОРИТЬ,V ipf praes sg indic - 3p,Ь
18496,,",",",",PUNCT,,,,,,,,,,PUNCT,,,
18497,,-,-,PUNCT,,,,,,,,,,PUNCT,,,
18498,,«,«,PUNCT,,,,,,,,,,PUNCT,,,
18499,,но,НО,CONJ,,,", - « _но_ , вам нужно",о,н,,,,,CONJ,НО,CONJ,О
18500,,",",",",PUNCT,,,,,,,,,,PUNCT,,,
18501,,вам,ВЫ,SPRO pl 2p - dat,,,"« но , _вам_ нужно задуматься .",м,а,в,,,,SPRO,ВЫ,SPRO pl 2p - dat,Ы
18502,,нужно,НУЖНО,PRAEDIC,,,"но , вам _нужно_ задуматься . »",о,н,ж,у,н,,PRAEDIC,НУЖНО,ADV -,О
18503,,задуматься,ЗАДУМАТЬСЯ,V intr pf inf act,,,", вам нужно _задуматься_ . » ",я,с,ь,т,а,м,V,ЗАДУМАТЬСЯ,V pf - - inf - -,Я
18504,,.,.,PUNCT,,,,,,,,,,PUNCT,,,
18505,,»,»,PUNCT,,,,,,,,,,PUNCT,,,
18506,,,,,,,,,,,,,,,,,
18507,# sent = 1372,,,,,,,,,,,,,,,,
18508,"<span class=""note"">",,,,,,,,,,,,,,,,
18509,<note>,смеется,,,,,,,,,,,,,,,
18510,</span>,,,,,,,,,,,,,,,,
18511,,,,,,,,,,,,,,,,,
18512,# sent = 1373,,,,,,,,,,,,,,,,
18513,,Это,ЭТО,SPRO n - nom sg,,,   _Это_ очень смешно .,о,т,э,,,,SPRO,ЭТО,S n - nom sg,О
18514,,очень,ОЧЕНЬ,ADV -,,,  Это _очень_ смешно . ,ь,н,е,ч,о,,ADV,ОЧЕНЬ,ADV -,Ь
18515,,смешно,СМЕШНОЙ,A - - sg brev n -,,, Это очень _смешно_ .  ,о,н,ш,е,м,с,A,СМЕШНОЙ,A - - sg brev n -,Й
18516,,.,.,PUNCT,,,,,,,,,,PUNCT,,,
18517,,,,,,,,,,,,,,,,,
18518,# sent = 1374,,,,,,,,,,,,,,,,
18519,,У,У,PR,,,.   _У_ него интересный юмор,у,,,,,,PR,У,PR,У
18520,,него,ОН,SPRO sg 3p m acc,,,  У _него_ интересный юмор .,о,г,е,н,,,SPRO,ОН,SPRO sg 3p m acc,Н
18521,,интересный,ИНТЕРЕСНЫЙ,A - nom sg plen m -,,, У него _интересный_ юмор . ,й,ы,н,с,е,р,A,ИНТЕРЕСНЫЙ,A - nom sg plen m -,Й
18522,,юмор,ЮМОР,S m inan nom sg,,,У него интересный _юмор_ .  ,р,о,м,ю,,,S,ЮМОР,S m inan nom sg,Р
18523,,.,.,PUNCT,,,,,,,,,,PUNCT,,,
18524,,,,,,,,,,,,,,,,,
18525,# sent = 1375,,,,,,,,,,,,,,,,
18526,,Вот,ВОТ,PART,,,.   _Вот_ .  ,т,о,в,,,,PART,ВОТ,PART,Т
18527,,.,.,PUNCT,,,,,,,,,,PUNCT,,,
18528,,,,,,,,,,,,,,,,,
18529,# sent = 1376,,,,,,,,,,,,,,,,
18530,,Вот,ВОТ,PART,,,.   _Вот_ такая … в,т,о,в,,,,PART,ВОТ,PART,Т
18531,,такая,ТАКОЙ,APRO - nom sg plen f -,,,  Вот _такая_ … в такой,я,а,к,а,т,,APRO,ТАКОЙ,A - nom sg plen f -,Й
18532,,…,…,PUNCT,,,,,,,,,,PUNCT,,,
18533,,в,В,PR,,,Вот такая … _в_ такой ситуации сейчас,в,,,,,,PR,В,PR,В
18534,,такой,ТАКОЙ,APRO - loc sg plen f -,,,такая … в _такой_ ситуации сейчас музыка,й,о,к,а,т,,APRO,ТАКОЙ,A - loc sg plen f -,Й
18535,,ситуации,СИТУАЦИЯ,S f inan loc sg,,,… в такой _ситуации_ сейчас музыка находится,и,и,ц,а,у,т,S,СИТУАЦИЯ,S f inan loc sg,Я
18536,,сейчас,СЕЙЧАС,ADV -,,,в такой ситуации _сейчас_ музыка находится .,с,а,ч,й,е,с,ADV,СЕЙЧАС,ADV -,С
18537,,музыка,МУЗЫКА,S f inan nom sg,,,такой ситуации сейчас _музыка_ находится . ,а,к,ы,з,у,м,S,МУЗЫКА,S f inan nom sg,А
18538,,находится,НАХОДИТЬСЯ,V ipf praes sg indic - 3p,,,ситуации сейчас музыка _находится_ .  ,я,с,т,и,д,о,V,НАХОДИТЬСЯ,V ipf praes sg indic - 3p,Я
18539,,.,.,PUNCT,,,,,,,,,,PUNCT,,,
18540,,,,,,,,,,,,,,,,,
18541,# sent = 1377,,,,,,,,,,,,,,,,
18542,,Очень,ОЧЕНЬ,ADV -,,,".   _Очень_ много всего ,",ь,н,е,ч,о,,ADV,ОЧЕНЬ,ADV -,Ь
18543,,много,МНОГО,ADV -,,,"  Очень _много_ всего , много",о,г,о,н,м,,ADV,МНОГО,ADV -,О
18544,,всего,ВСЕГО,SPRO - - nom pl,,," Очень много _всего_ , много возможностей",о,г,е,с,в,,APRO,ВЕСЬ,A - acc sg plen m anim,О
18545,,",",",",PUNCT,,,,,,,,,,PUNCT,,,
18546,,много,МНОГО,ADV -,,,"много всего , _много_ возможностей , ааа",о,г,о,н,м,,ADV,МНОГО,ADV -,О
18547,,возможностей,ВОЗМОЖНОСТЬ,S f inan gen pl,,,"всего , много _возможностей_ , ааа ..",й,е,т,с,о,н,S,ВОЗМОЖНОСТЬ,S f inan gen pl,Ь
18548,,",",",",PUNCT,,,,,,,,,,PUNCT,,,
18549,,ааа,ААА,INTJ,distort,,"много возможностей , _ааа_ .. а они",а,а,а,,,,INTJ,ААА.,INTJ,А
18550,,..,..,PUNCT,,,,,,,,,,PUNCT,,,
18551,,а,А,INTJ,,,", ааа .. _а_ они как будто бы",а,,,,,,CONJ,А,CONJ,А
18552,,они,ОНИ,SPRO pl - - nom,,,ааа .. а _они_ как будто бы не,и,н,о,,,,SPRO,ОНИ,SPRO pl - - nom,И
18553,,как будто,как будто,CONJ,,,.. а они _как будто_ бы не используются,о,т,д,у,б, ,CONJ,как будто,CONJ,о
18554,,бы,БЫ,PART,,,а они как будто _бы_ не используются .,ы,б,,,,,PART,БЫ,PART,Ы
18555,,не,НЕ,PART,,,они как будто бы _не_ используются . ,е,н,,,,,PART,НЕ,PART,Е
18556,,используются,ИСПОЛЬЗОВАТЬСЯ,V ipf praes pl indic - 3p,,,как будто бы не _используются_ .  ,я,с,т,ю,у,з,V,ИСПОЛЬЗОВАТЬСЯ,V ipf praes pl indic - 3p,Я
18557,,.,.,PUNCT,,,,,,,,,,PUNCT,,,
18558,,,,,,,,,,,,,,,,,
18559,# sent = 1378,,,,,,,,,,,,,,,,
18560,,Вот,ВОТ,PART,,,.   _Вот_ .  ,т,о,в,,,,PART,ВОТ,PART,Т
18561,,.,.,PUNCT,,,,,,,,,,PUNCT,,,
18562,,,,,,,,,,,,,,,,,
18563,# sent = 1379,,,,,,,,,,,,,,,,
18564,,Очень,ОЧЕНЬ,ADV -,,,".   _Очень_ интересно , что",ь,н,е,ч,о,,ADV,ОЧЕНЬ,ADV -,Ь
18565,,интересно,ИНТЕРЕСНО,ADV -,,,"  Очень _интересно_ , что потом",о,н,с,е,р,е,ADV,ИНТЕРЕСНО,ADV -,О
18566,,",",",",PUNCT,,,,,,,,,,PUNCT,,,
18567,,что,ЧТО,CONJ,,,"Очень интересно , _что_ потом будет и",о,т,ч,,,,CONJ,ЧТО,CONJ,О
18568,,потом,ПОТОМ,ADV -,,,"интересно , что _потом_ будет и куда",м,о,т,о,п,,ADV,ПОТОМ,ADV -,М
18569,,будет,БЫТЬ,V ipf  fut sg indic - 3p,,,", что потом _будет_ и куда это",т,е,д,у,б,,V,БЫТЬ,V ipf praes sg indic - 3p,Ь
18570,,и,И,CONJ,,,что потом будет _и_ куда это все,и,,,,,,CONJ,И,CONJ,И
18571,,куда,КУДА,ADVPRO,,,потом будет и _куда_ это все потом,а,д,у,к,,,ADV,КУДА,ADV -,А
18572,,это,ЭТО,SPRO n - nom sg,,,будет и куда _это_ все потом пойдет,о,т,э,,,,SPRO,ЭТО,S n inan acc sg,О
18573,,все,ВСЕ,SPRO - - nom pl,,,и куда это _все_ потом пойдет .,е,с,в,,,,S,ВСЕ,S - - nom pl,Е
18574,,потом,ПОТОМ,ADV -,,,куда это все _потом_ пойдет . ,м,о,т,о,п,,ADV,ПОТОМ,ADV -,М
18575,,пойдет,ПОЙТИ,V pf fut sg indic - 3p,,,это все потом _пойдет_ .  ,т,е,д,й,о,п,V,ПОЙТИ,V pf fut sg indic - 3p,И
18576,,.,.,PUNCT,,,,,,,,,,PUNCT,,,